id,vel_mean,tiempo_terminar,colision,react_time,quieto_count,cant_autos_en_drame
877572,2.481086327393138,12.00098967552185,True,0.6817094797042582,,25.0
536819,2.056746423942554,13.792839527130127,True,0.8388410192707763,,25.0
10244,2.3230168048057958,54.32621479034424,False,0.4231519850880374,,26.0
81079,2.354062391832278,53.124789237976074,False,0.7188104026394284,,25.0
370836,2.402985422599781,52.46974563598633,False,0.22693947372128415,,25.0
579385,2.2460530100603546,50.81645321846008,True,0.7956786581397919,,25.0
784766,2.189298953558201,52.480252265930176,True,0.7860483981867685,,25.0
404848,2.4664902714986634,3.472015142440796,True,0.8612697820489497,,24.0
882554,1.6455183186115712,4.563809633255005,True,0.7514948708731817,,24.0
630065,2.0697665130918996,61.106231451034546,False,0.5265164260785906,,27.0
4572,2.1344579870054803,59.17068576812744,False,0.8255114092072207,,27.0
360665,2.222363095315068,56.20822858810425,False,0.6933046206294968,,26.0
45489,2.17152943787328,58.232075452804565,False,0.6039118879063592,,26.0
863348,2.2937882894222024,54.94927144050598,False,0.5048592138777919,,24.0
937303,2.3385614140024784,54.1188805103302,False,0.07915220363606164,,24.0
336797,2.3161614480670383,54.473663091659546,False,0.8954903599838053,,24.0
762853,2.198376762150409,57.58354616165161,False,0.25400843941524426,,25.0
791133,2.0104926459124854,62.93273973464966,False,0.571245072146259,,28.0
42379,2.3534471080831225,16.27826166152954,True,0.8960712814265341,,28.0
849492,2.088054292448562,19.23535418510437,True,0.12112721180168276,,28.0
441496,2.167931202967916,23.05337405204773,True,0.7115552186531828,,29.0
308357,1.6897014121001563,29.70544195175171,True,0.32925204663772334,,29.0
388553,1.7603010993465678,72.0408718585968,False,0.3301186689518395,,28.0
529240,1.6323838342133996,77.3861095905304,False,0.5647613046977638,,32.0
401490,1.6526827318019452,76.88399744033813,False,0.6453068887320172,,31.0
140130,1.7033115219369592,74.31341767311096,False,0.6726377826085463,,30.0
433018,1.8297715916735044,69.23919653892517,False,0.3291211691698887,,29.0
742207,1.8898680794927465,67.23326206207275,False,0.2694933029731189,,28.0
519666,1.9538568782206729,64.93294930458069,False,0.27996379330528276,,28.0
948933,1.9529962356131694,64.71772503852844,False,0.12008373498785654,,28.0
127407,1.9938822584359317,63.34884023666382,False,0.15805201519359757,,27.0
571987,1.5083978065477508,83.70913505554199,False,0.5700536048050602,,37.0
252825,1.500906053337553,84.16063809394836,False,0.8962309508474355,,37.0
679110,1.5176652954606213,83.41559529304504,False,0.28242640234213057,,36.0
697982,1.605907056849576,78.80318689346313,False,0.5673274491185973,,36.0
465215,1.6191617990139808,78.1599395275116,False,0.5677658940430272,,35.0
417176,1.558059697956814,80.70971822738647,False,0.29934115699817254,,37.0
59186,1.5799886341164038,80.00636386871338,False,0.35121655708305916,,36.0
660399,1.5955087951864266,79.42855501174927,False,0.3944816499707364,,36.0
932508,1.841338704073342,68.26977825164795,False,0.3738905313477872,,35.0
159704,1.8983984152112727,66.5971372127533,False,0.1302503495062102,,34.0
266299,1.9559803353877334,64.56429123878479,False,0.06464946723473479,,34.0
436023,1.9767337936572442,63.874603033065796,False,0.22889405186488437,,33.0
385056,2.000146455534284,62.77543544769287,False,0.5760326774337363,,32.0
859649,1.881751437385682,34.11545920372009,True,0.8231552453009923,,31.0
292052,1.7344692431807016,36.60751938819885,True,0.520917581447778,,31.0
957607,2.0612287017052258,61.147419929504395,False,0.7732385924403358,,31.0
638210,1.9131468725722414,33.489996910095215,True,0.38624442279059623,,28.0
334219,2.1486495361381692,58.730300188064575,False,0.06518817247065788,,28.0
685981,2.075532976328744,60.80178952217102,False,0.36508225595017235,,28.0
634842,2.2553824320528686,55.51565456390381,False,0.6022398748681068,,27.0
536697,2.152312516732789,58.496665239334106,False,0.8278313962124018,,27.0
96230,2.27775597715344,55.39046502113342,False,0.17007504293065892,,26.0
350010,2.1155124608748688,59.708874225616455,False,0.4689150601618217,,29.0
694967,2.152786356531077,58.32258415222168,False,0.7093777772804992,,28.0
440702,2.1905041236984535,57.614885568618774,False,0.21817122352875146,,27.0
959368,2.2403851486900246,56.5663423538208,False,0.11885822601750229,,26.0
73508,2.2788122151063086,55.71251916885376,False,0.48850822992370374,,26.0
56936,2.378000440309498,53.22490572929382,False,0.35336612962151254,,25.0
957562,2.4905326397054295,51.040059089660645,False,0.30554119056027645,,27.0
952389,2.5588055863072663,7.7364513874053955,True,0.7670212213405692,,27.0
241644,1.811310300367961,10.198390007019043,True,0.4172406019918323,,27.0
872784,2.465416818944155,51.61826944351196,False,0.5080567215595938,,25.0
843391,3.013956128947706,9.906043529510498,True,0.6133312299935763,,29.0
484197,2.476603826293709,12.365257740020752,True,0.21399053950412136,,29.0
873722,2.144068903811776,59.32032299041748,False,0.3399672304469035,,29.0
403651,1.970325688261906,41.07593536376953,True,0.5425061223061979,,27.0
829409,1.888230475922733,42.239789724349976,True,0.8666260523866594,,27.0
352817,2.220846001425173,35.43759036064148,True,0.498131987972233,,25.0
4856,2.1170510725292226,37.11135196685791,True,0.367491629868413,,25.0
987357,2.3630008024098554,33.103182554244995,True,0.6958576417869642,,24.0
280751,2.091098005864373,60.55754852294922,False,0.6559992612276415,,24.0
879016,2.118936231971565,51.74013638496399,True,0.7530935784337387,,23.0
300483,2.008986410528692,54.67926573753357,True,0.5032875124575444,,23.0
200398,2.18865630022598,49.64903926849365,True,0.7857332229077032,,21.0
938129,2.111496942540752,60.24485397338867,False,0.28780968136213436,,20.0
324356,2.1597328742102784,58.89371681213379,False,0.40367400838629197,,20.0
682192,2.177472782449401,58.25800323486328,False,0.54679404443149,,23.0
915456,2.215267462753712,57.43133902549744,False,0.15569751477094573,,24.0
807780,2.297254407555389,55.690537214279175,False,0.4724069668447399,,23.0
370854,2.0440846070329517,25.698601245880127,True,0.8771384719739397,,23.0
585140,1.9551566259026685,27.722233295440674,True,0.43019631010434745,,23.0
996458,1.6297643065058576,48.14227533340454,True,0.5516364449742032,,24.0
673416,1.565808185580734,50.225335121154785,True,0.08793929823294708,,24.0
287224,2.095112034761312,60.69659471511841,False,0.3471686600704328,,24.0
962070,2.986635102331394,6.2508416175842285,True,0.880368747664078,,25.0
775266,2.008261952563249,9.570111513137817,True,0.4447296279551622,,25.0
64360,3.2003087919368634,8.92582392692566,True,0.7354724181327563,,25.0
70805,2.5776220117103583,11.151042222976685,True,0.37531421088013533,,25.0
126925,1.7674630300754064,71.8660409450531,False,0.3997102774418563,,27.0
195986,1.6892145475371103,75.24561500549316,False,0.8094431297448266,,28.0
130685,2.824405796458276,11.980184078216553,True,0.510642484667021,,28.0
643959,2.6333423343731517,13.431235551834106,True,0.6005206265868774,,28.0
344782,2.3421622449021697,15.201220273971558,True,0.4963435408641045,,28.0
337479,1.8940205300214452,48.37444305419922,True,0.8549778703706317,,28.0
558221,1.8588788216835153,50.219693660736084,True,0.20781194864406216,,28.0
665333,2.6858691360257505,16.284334659576416,True,0.8456947422105114,,28.0
238485,2.3575413394968496,18.664273023605347,True,0.08888883598985972,,28.0
979574,1.6189805834337643,77.72118186950684,False,0.5423933774978459,,26.0
725406,1.6215421018589304,77.69398474693298,False,0.17877350521359586,,26.0
342321,1.8222131603781182,69.0213234424591,False,0.7181002670453536,,26.0
487369,1.8410282972669414,68.27663207054138,False,0.8666635156209768,,25.0
583015,1.8936097809524866,66.53719902038574,False,0.08892542599427711,,24.0
929968,2.4639506442168986,12.925165176391602,True,0.8002027949483081,,24.0
627174,2.1083410229109254,15.283857822418213,True,0.08515285038984714,,24.0
832799,1.6078402829850529,78.31546235084534,False,0.6225719076019001,,27.0
942406,1.7078053288624002,73.7708466053009,False,0.31214697265606683,,26.0
54692,1.752658721831089,71.00049495697021,False,0.845663928729069,,25.0
992091,1.7215369080757346,73.20617151260376,False,0.3462258837531627,,25.0
421362,1.657556373300248,76.28199434280396,False,0.43671890869394264,,27.0
865157,1.6951617413298263,74.03373885154724,False,0.455596334550505,,26.0
393841,1.4370694981995786,87.45119571685791,False,0.7919871055135694,,33.0
465118,1.4453587678425324,86.99960064888,False,0.2638293997032958,,32.0
657492,1.4689992655165858,85.45983862876892,False,0.845815889177153,,31.0
560381,1.5048856640509418,83.74725866317749,False,0.370240976948338,,30.0
654418,1.6963386638077782,74.3760461807251,False,0.17435048435850034,,30.0
667345,1.6971859029827223,74.1510362625122,False,0.1661967299877681,,29.0
515581,1.730368573728848,72.57651400566101,False,0.5774363461465077,,28.0
318631,2.0592549826019657,60.716851472854614,False,0.6897681412612002,,27.0
466238,2.45456714426554,30.30489468574524,True,0.5048429065050373,,28.0
850833,2.2556670687772056,32.873422622680664,True,0.1581578481685626,,28.0
192281,1.992642649779175,63.54084277153015,False,0.356819403783609,,27.0
42871,2.133872612328949,59.144737005233765,False,0.7813854108933167,,26.0
259917,2.1819699120494236,57.701868295669556,False,0.5591736731165295,,26.0
94778,2.1746466386871255,58.78154015541077,False,0.15501299384935613,,27.0
634134,2.0808319544976017,61.28400135040283,False,0.29038382335551816,,28.0
884546,2.2202851494239257,28.4769446849823,True,0.5716094522679109,,27.0
110034,2.111205962165927,30.282129049301147,True,0.8092265833991261,,27.0
8730,1.9447926914029428,64.84683394432068,False,0.4260223812600838,,29.0
350070,1.9647013122526071,64.48696494102478,False,0.7056582398844267,,28.0
506699,1.9980102630483692,63.689462423324585,False,0.11441516246664071,,27.0
425128,2.0548098188759987,61.10222411155701,False,0.5284877092678176,,26.0
689048,2.103501907535966,60.03373908996582,False,0.5085595485338243,,26.0
9664,2.1807669770946148,57.73664450645447,False,0.368398909952271,,25.0
903739,2.27914137072882,55.57357573509216,False,0.6577091269210205,,25.0
521156,2.4707796870904364,51.24184203147888,False,0.2958615373430926,,25.0
188768,2.358752379054994,53.750755071640015,False,0.5189175189690975,,26.0
818654,2.321955466816511,54.45654606819153,False,0.14858926296091957,,27.0
239583,3.153590852397542,4.344818830490112,True,0.8565701668925991,,27.0
371138,2.2750224850393446,5.425258159637451,True,0.670114420916488,,27.0
483036,2.3158883547547093,54.502479791641235,False,0.506062793150978,,25.0
294238,2.3724245579065637,53.471580505371094,False,0.7784924511697744,,25.0
119542,2.6411919813612283,48.028454542160034,False,0.09075824069219135,,24.0
739918,2.44989373808032,51.77132558822632,False,0.12267041289695288,,26.0
764979,2.4556938037355676,51.139617681503296,False,0.8999103852627968,,25.0
428514,1.694485478424374,19.014294862747192,True,0.8560477774299968,,25.0
444873,1.5270998816124484,21.8347225189209,True,0.6465270894483184,,25.0
836928,1.4474934740103385,23.18516445159912,True,0.07869902096261722,,25.0
840335,2.370120606740168,14.424471855163574,True,0.37508822525737834,,22.0
676310,1.754963320561256,18.759631633758545,True,0.25208962512796895,,22.0
329577,2.273432344403249,55.85752558708191,False,0.14272530360004998,,22.0
574896,2.348644413065994,53.30781054496765,False,0.799609700882882,,22.0
312606,2.44207312901214,51.528173208236694,False,0.5032709991025162,,21.0
743901,2.035481953333452,68.82765698432922,False,0.42074069005286535,,30.0
910417,2.0820311156960396,67.79652547836304,False,0.18596748388649254,,30.0
750336,2.128417893472737,66.75582385063171,False,0.4632798651951443,,30.0
738446,2.1595096290453966,66.7102952003479,False,0.8247771776465023,,29.0
563895,2.20573863929294,65.59125876426697,False,0.11416028350477386,,28.0
921769,2.188583480110297,67.60989260673523,False,0.3355674977985258,,30.0
382949,2.0452556780101627,75.45985841751099,False,0.898553818256282,,34.0
605957,2.104813963263867,74.89891386032104,False,0.3560211662900824,,33.0
462716,2.118815098019554,74.76026821136475,False,0.8906740856831332,,33.0
867970,2.0710674370844124,78.0681722164154,False,0.3999000498867831,,34.0
475588,2.1014512624279242,77.47973132133484,False,0.10378492464906253,,34.0
666108,2.719514600840684,63.883110761642456,False,0.16307313599775053,,33.0
551267,2.337547539078638,77.91723775863647,False,0.13604469496826838,,41.0
970728,2.2745535294309316,81.93783235549927,False,0.5681723106118817,,43.0
705076,2.33938215164758,81.31615257263184,False,0.06710371204770113,,43.0
958094,2.39467974183719,18.36169123649597,True,0.8609252718901972,,44.0
171617,2.276351497755327,19.384125232696533,True,0.14839098217468075,,44.0
930886,2.2536714553124138,85.20615649223328,False,0.7486272896802746,,43.0
801818,2.2904139356059723,84.73737025260925,False,0.4462559439799675,,42.0
655470,2.386977599861853,83.26443219184875,False,0.311157989784341,,42.0
977569,2.464672548896944,81.86522889137268,False,0.27654108649359976,,41.0
208810,2.534479321127175,80.4169111251831,False,0.6081623550273954,,40.0
840755,2.3408840165118314,88.33980822563171,False,0.8809170694416526,,45.0
175790,2.3663687731805876,87.45067095756531,False,0.10409719620668735,,44.0
381996,2.323251405716596,89.63426113128662,False,0.6975729439748783,,45.0
474762,2.3211503353826446,89.15924048423767,False,0.84669423381761,,46.0
708312,2.3362005663868946,90.03389525413513,False,0.5248332036950198,,45.0
318057,2.429740316841823,32.666340589523315,True,0.7513361133634484,,45.0
671750,2.3329046241670333,34.76258945465088,True,0.1059071600861543,,45.0
293578,1.9622955950661984,93.68202114105225,True,0.6359076033970983,,46.0
91532,1.9388612043770428,95.44559335708618,True,0.5268185307515889,,46.0
544531,1.9991382593712421,104.82215309143066,False,0.4974687227975605,,47.0
290785,1.9680864550729205,105.2485978603363,False,0.7659460504865327,,50.0
540182,1.9767178684601696,105.08874368667603,False,0.10658299928757553,,49.0
614060,1.9675720640285488,105.13810276985168,False,0.574560297650798,,49.0
904415,1.9884155447126206,103.77525591850281,False,0.44396963334154926,,48.0
782161,1.7944689686010606,26.92342519760132,True,0.8561938620864276,,47.0
32455,1.7270977137355432,28.61443066596985,True,0.6489379323238187,,47.0
548168,2.0261749703023777,101.93931984901428,False,0.5745821961576578,,47.0
344437,2.000733711329969,48.58854913711548,True,0.7456696252056696,,45.0
432443,1.9322315320430088,50.521235942840576,True,0.6098120455752878,,45.0
814350,2.0833092820874324,46.604166984558105,True,0.6738725898871525,,43.0
760705,2.0443008085247736,65.84511470794678,True,0.5428255206679509,,43.0
833389,1.9849252370892525,68.0531976222992,True,0.5735555466319127,,43.0
580535,2.269258180462777,58.5042827129364,True,0.788504393497089,,41.0
923909,2.0816938700321974,63.96869206428528,True,0.14369111718546074,,41.0
260243,1.7538658023177207,39.06887412071228,True,0.6990233018537848,,44.0
884438,1.5336181380535072,45.83162879943848,True,0.6305278435103103,,44.0
771517,1.8013742652735454,37.53697490692139,True,0.7880810028099159,,42.0
367517,1.9063646847109632,35.32983350753784,True,0.3278250124052137,,48.0
504500,1.7934814354078512,37.29583692550659,True,0.5306737011207987,,48.0
702577,1.4692978625056048,133.87663412094116,False,0.809646870154024,,47.0
931216,1.4851821511299186,132.96769046783447,False,0.10606262871299509,,46.0
942589,1.5118363480283759,131.10859274864197,False,0.5648910099661184,,46.0
315584,1.5225143101813057,129.7318160533905,False,0.23082670745691325,,45.0
381434,1.5299374443123637,128.50949454307556,False,0.12270939065785852,,44.0
354788,1.5495762144681604,126.99451899528503,False,0.8243529219280616,,44.0
542681,1.5535753316215897,126.20034098625183,False,0.7578679488663562,,43.0
637321,1.5827168066408317,124.65532422065735,False,0.5762453696130099,,43.0
768746,1.5925179890131864,123.52555584907532,False,0.49021668792763534,,42.0
917509,1.5818562597533563,123.32321572303772,False,0.8327342758336185,,42.0
475495,1.5859348503050876,123.33645367622375,False,0.48450248323202355,,42.0
287245,1.5897015358550548,122.16549062728882,False,0.4870233578502271,,41.0
525404,1.6151903220914856,120.36333203315735,False,0.2764033929745776,,40.0
773589,1.627593596610426,119.19000196456909,False,0.3297292680201468,,40.0
957906,1.62691092812273,118.32461166381836,False,0.5974169400780645,,39.0
950603,1.8905814981733844,100.75491857528687,False,0.6285476389831774,,38.0
891782,1.683335558648354,114.64763188362122,False,0.14651099925926703,,38.0
634563,1.9252105817392142,99.00556874275208,False,0.7604779891096263,,37.0
775089,2.0503675628135216,91.83276772499084,False,0.4865657855982847,,37.0
366346,1.862607032543167,15.669970273971558,True,0.8596508900956843,,37.0
444993,1.5742883988671503,19.04919934272766,True,0.8571078207053988,,37.0
838810,2.325360625137638,11.222854614257812,True,0.785703534836917,,35.0
538560,2.1378976585999467,13.213197708129883,True,0.14359637768199382,,35.0
331544,1.7932996041589124,47.38717174530029,True,0.558125914216409,,38.0
250902,1.865973164954598,46.01772093772888,True,0.7513181546104746,,37.0
25457,2.0461934900411145,41.55525207519531,True,0.8697683299898378,,37.0
167578,1.921474087899993,44.22679805755615,True,0.1631984634026365,,37.0
534959,1.7126402852502405,108.78781771659851,False,0.5084131658506408,,37.0
427238,1.664030061058996,111.6856472492218,False,0.5995159016481861,,39.0
261417,1.6564511048641228,112.21116781234741,False,0.3178071452772301,,38.0
600083,1.675017703336838,110.7286446094513,False,0.09710963868429541,,38.0
320239,1.6468116338120427,112.3013243675232,False,0.46739912618382934,,38.0
240122,1.6546259294745445,110.017249584198,False,0.7555424617866218,,43.0
554340,1.6782114636982906,107.7736747264862,False,0.8284854886236339,,42.0
599891,1.6972351510754782,106.18468952178955,False,0.1903404681554798,,42.0
22399,1.701317545588224,105.57249903678894,False,0.8397463054243581,,41.0
66923,1.7071666386363602,105.29256653785706,False,0.4733474075751193,,40.0
351073,1.7158883059946761,104.33767175674438,False,0.24890277035482292,,40.0
53107,1.713607009844847,104.18440437316895,False,0.8778914490468253,,40.0
474756,1.8024317842536215,99.5710346698761,False,0.442032378699786,,39.0
815859,1.8516931859806653,97.4742784500122,False,0.07982630569675235,,39.0
432321,1.8449501500410737,97.21599531173706,False,0.5701206613696983,,38.0
88696,2.2740011385139747,78.01894807815552,True,0.6172492358136719,,38.0
655726,2.0001205951346575,88.24252128601074,True,0.5517848277629156,,38.0
388221,1.8841092313507393,95.44410157203674,False,0.5593125357834454,,38.0
33040,1.9059344936916025,94.75607466697693,False,0.4137302444164139,,35.0
917063,1.9527053492668296,92.34181451797485,False,0.17910408240717507,,34.0
99930,2.2338699521002026,81.20874118804932,False,0.7293346641577265,,35.0
341294,1.9403455917895787,55.24363946914673,True,0.8942989655715206,,37.0
785647,1.8725812215865874,57.934306144714355,True,0.27651032436909195,,37.0
95847,1.9913752828760298,91.32272171974182,False,0.8337246916659051,,38.0
847043,2.016845179024732,90.27538442611694,False,0.6997538965241572,,38.0
277156,2.184760734514936,83.80959677696228,False,0.7657526946871558,,37.0
808003,2.3005943621383973,79.62789154052734,False,0.4996879434659005,,37.0
900928,1.6025897912723541,55.844680070877075,True,0.704113011310117,,37.0
969711,1.5601571206669358,57.588934659957886,True,0.6896899904913529,,37.0
762083,2.054117028914196,89.8580322265625,False,0.18607667555345242,,40.0
958630,2.0800386188267077,88.79613208770752,False,0.0839284781146526,,40.0
157477,2.022147645262844,91.74279403686523,False,0.705853235910445,,41.0
697802,2.063779896324773,89.52727603912354,False,0.33810298626178154,,40.0
727231,1.6815383563029769,110.70680737495422,False,0.4711233274467344,,52.0
238138,1.7185517906561343,108.80919551849365,False,0.2797351475098894,,52.0
12944,2.03524340881513,68.40672302246094,True,0.8561082577693839,,52.0
783173,1.962589133934311,71.09061813354492,True,0.7362203153765956,,52.0
72406,1.5820607771926698,117.71125674247742,False,0.8655351965276368,,56.0
452137,1.5994457680703134,117.48272490501404,False,0.3900061182173519,,55.0
590289,1.6192253811618953,116.20597004890442,False,0.23814988062021333,,55.0
639940,1.6745784919469342,112.00855922698975,False,0.31261960641616887,,54.0
941082,1.6970855037975356,111.04786229133606,False,0.14844642664737132,,54.0
12458,1.7299664634041638,109.04407620429993,False,0.7053437280184565,,53.0
709152,1.76436240943473,106.47243356704712,False,0.6877396351543639,,52.0
213633,1.7208313239746305,109.74862504005432,False,0.29023220137439126,,53.0
978991,1.7453929425107244,108.0593855381012,False,0.16384537812316413,,52.0
396798,1.7559720363054314,107.88140916824341,False,0.09375087906604174,,52.0
957673,1.7883367449124932,106.20761585235596,False,0.24621023897847072,,52.0
632410,1.790835476690924,105.37194013595581,False,0.7400973547837539,,52.0
233906,1.8074031798905592,105.38558888435364,False,0.2752511082313029,,51.0
679546,1.8079644625608988,105.23781490325928,False,0.6721523627008157,,51.0
948371,1.9728729103447862,96.96296787261963,False,0.09225566754595174,,51.0
857037,1.8522837960199703,103.16556477546692,False,0.1033994867928549,,51.0
232722,1.9997368824319584,95.8533821105957,False,0.06076175311587019,,49.0
786433,2.040992539042407,94.18932127952576,False,0.15373783417529188,,49.0
80312,2.086294593354392,91.73904585838318,False,0.7676939651499286,,48.0
142761,2.10945354684408,91.01727485656738,False,0.08114792539267113,,47.0
444772,2.1612457644800074,88.7935197353363,False,0.2523572475178276,,46.0
252596,2.011097277011062,95.64023494720459,False,0.7020726767281609,,50.0
735287,2.06280260158449,87.0382137298584,True,0.6227488620186472,,50.0
12227,2.0163620029904363,89.25287508964539,True,0.68983703031479,,50.0
827144,2.0190843040119026,95.52081894874573,False,0.6318295877369571,,48.0
433119,2.037002984430679,94.98547601699829,False,0.18124881066985649,,48.0
213001,2.018229384527312,95.32754707336426,False,0.8950894849881759,,48.0
410342,2.0859679808635168,93.12641429901123,False,0.6083677361778947,,49.0
211104,2.116345511890273,91.25464010238647,False,0.4326388220508249,,48.0
806619,2.1441517535811587,90.66491985321045,False,0.3231811095485651,,48.0
915147,2.1827748393399258,89.12060570716858,False,0.24381529460712043,,47.0
341845,2.1852941867642057,89.32485795021057,False,0.3254291191212033,,47.0
497094,2.1639193108073713,90.20823907852173,False,0.540515079291884,,47.0
477384,2.1921934852667873,89.29688549041748,False,0.6585479056740315,,47.0
286045,2.2237881856215935,87.68855452537537,False,0.18594810774398912,,47.0
365740,2.2757938162579547,85.91801691055298,False,0.36464748997444674,,46.0
412370,2.3067993567028413,84.27949810028076,False,0.7679953778153115,,45.0
490792,2.066639613561375,98.80141377449036,False,0.4173184798606743,,51.0
307466,2.0930617006932093,98.46982002258301,False,0.3891661861972761,,50.0
131190,2.1157232065931995,96.96376872062683,False,0.5352850045048236,,50.0
722447,2.117820915058655,97.99012446403503,False,0.1417331362427261,,49.0
992892,2.1486397302761024,96.23240447044373,False,0.6609468175224442,,49.0
899225,1.8408875758084269,113.8931450843811,False,0.8989983661101366,,58.0
353052,1.85180720263788,114.23295855522156,False,0.32177918426142404,,57.0
621900,1.8545722904389212,113.52162575721741,False,0.18347874986202098,,57.0
754550,1.8840757833553703,112.14136743545532,False,0.204438306612338,,56.0
205405,1.9177098534177053,110.11925172805786,False,0.4427055286607012,,55.0
443295,1.9276635404796594,109.65791392326355,False,0.19805734589464027,,55.0
479607,1.9404504999377439,109.40798711776733,False,0.28680994375721824,,54.0
444657,1.9482435439500623,108.84862112998962,False,0.3396419764274132,,53.0
79193,1.9755798157709665,107.00185179710388,False,0.8199126235545067,,53.0
415437,1.9996991099136199,106.02273416519165,False,0.6848383021509377,,52.0
876350,2.0008666376577153,106.44131016731262,False,0.2909953954049725,,52.0
561866,2.038241765384641,104.49126887321472,False,0.2228635495741086,,51.0
871865,2.044167958769537,104.17945122718811,False,0.4192890103749872,,51.0
548358,1.8047803087741647,116.50879287719727,False,0.5720300897715178,,56.0
175998,2.308391231966908,37.40956115722656,True,0.838941576856169,,59.0
835121,2.1778053990302206,39.58675456047058,True,0.4490829448551844,,60.0
372261,1.592972416191721,130.53950238227844,False,0.6557607422631491,,62.0
539157,1.5919585611362705,129.97526001930237,False,0.7645871704590914,,62.0
278895,1.6123707681925603,128.83958506584167,False,0.8814243948444358,,61.0
878786,1.626590713679906,127.3136396408081,False,0.878439980142482,,61.0
897781,1.6599021167602537,126.06239628791809,False,0.16389684403060334,,61.0
271726,1.657883758739903,125.66159629821777,False,0.74117476508194,,60.0
366008,1.6713334225958316,124.98475766181946,False,0.6339233254376582,,60.0
909306,1.6877027101623294,123.8125958442688,False,0.7008737604138175,,60.0
730331,1.702690471983639,122.42593741416931,False,0.6972759742998507,,60.0
795235,1.7136401369004355,121.09879446029663,False,0.576544947176733,,59.0
18497,1.7522031358876862,119.50377035140991,False,0.12823035896556612,,58.0
5086,1.7643124464516642,118.43793296813965,False,0.14732811691263054,,57.0
715968,1.791567090308919,116.6855833530426,False,0.3137360306168003,,57.0
606671,1.7828118202074332,117.06313800811768,False,0.8898781116452632,,58.0
113330,1.8025797231289322,116.13510513305664,False,0.14176227482908452,,57.0
781169,1.8297670105724897,114.51262283325195,False,0.5555137320068304,,56.0
824285,1.8559189065678026,112.76838088035583,False,0.6169594339941902,,56.0
9852,1.8806592368970019,111.7244143486023,False,0.3947097573220328,,55.0
57795,1.8903416777546043,111.18564772605896,False,0.3556042451375601,,54.0
921800,1.9013097543650208,111.17952513694763,False,0.4925016676858114,,54.0
888109,1.9380223566197712,108.62891626358032,False,0.5620829201835824,,53.0
308761,1.9625605048867223,107.28225255012512,False,0.38584715139794673,,52.0
953408,1.9729931546166688,106.63506507873535,False,0.7271257904320161,,52.0
398299,1.9975888433127313,105.55606245994568,False,0.09966613900505818,,51.0
731024,2.0016352091420666,105.66453075408936,False,0.3624649235311854,,51.0
291816,2.0377619236196187,103.64704751968384,False,0.08373924219916432,,50.0
265645,2.082151881434282,101.75737690925598,False,0.3318121873297187,,50.0
611071,2.0828885838397837,99.90931344032288,False,0.267703239252739,,49.0
480862,1.9306380197091364,106.89580774307251,False,0.8603704412313296,,53.0
582207,1.9326091322727545,106.58476376533508,False,0.09063686314525138,,52.0
141618,1.8714056979262221,109.2657573223114,False,0.39835906767825985,,54.0
144893,1.9335911328666584,104.51202726364136,False,0.3985376438072341,,54.0
614325,1.9043440734931545,107.4733350276947,False,0.6536179674428999,,54.0
476419,1.9555856700162584,103.07028603553772,False,0.48671052138866777,,53.0
761699,1.9934252255089364,84.54435515403748,True,0.8860126861920024,,52.0
97544,1.957831777058408,85.9030089378357,True,0.6649260639870802,,52.0
565535,1.8576941168884964,107.50821948051453,False,0.5735372527161804,,52.0
922397,1.7630474448191862,112.91260695457458,False,0.5213476118295828,,55.0
135751,1.7889768442634584,110.72619032859802,False,0.7237298822551115,,55.0
818360,1.7971331407617315,109.34415292739868,False,0.7399731840498864,,54.0
42334,1.7865888364702567,110.1983859539032,False,0.06692744577204979,,54.0
874080,1.811895905918276,108.94563341140747,False,0.42655145596240673,,54.0
247786,2.442200251604313,20.949508905410767,True,0.7580107466466082,,56.0
658489,2.1874987956214706,23.56225562095642,True,0.2206113288430747,,56.0
657959,1.8758045905236818,105.24083185195923,False,0.4856580290945848,,55.0
441101,1.8993611531369792,104.20810723304749,False,0.8210068479855654,,54.0
191480,2.9663930232971016,6.527429103851318,True,0.7940645700493887,,53.0
428182,2.4509365862983445,7.7904181480407715,True,0.35565994191311456,,53.0
66187,1.9741495504738764,99.95176482200623,False,0.7071943643674314,,52.0
908442,1.9369298628036202,102.69560384750366,False,0.5493739820318277,,52.0
225886,1.99127897686628,100.33319473266602,False,0.4083928467046113,,50.0
704096,2.0020169889626667,99.58846306800842,False,0.20508107119859423,,49.0
220523,2.0438046800816645,97.25079870223999,False,0.4901028560780935,,48.0
787683,2.0544806518080367,96.90243363380432,False,0.7436876054812194,,49.0
359176,2.0679497862548217,97.49241662025452,False,0.3549399807001736,,49.0
235816,2.000449986856007,82.6148419380188,True,0.8931567242360308,,50.0
843533,1.9553275423437178,84.44141912460327,True,0.7724770199851847,,50.0
45477,1.9766701835983014,101.73388767242432,False,0.6659047880285482,,50.0
583730,2.021376651989582,99.8655014038086,False,0.11125261019050492,,49.0
601479,2.0266902376106843,99.71375894546509,False,0.10240550097357426,,49.0
640198,2.0566599561916226,98.30963468551636,False,0.09759003310980378,,48.0
777908,1.9145494625978972,105.80246067047119,False,0.6952179833138052,,52.0
671684,1.9272939389826442,105.20818948745728,False,0.2906227089659754,,51.0
996445,1.9418082609667415,104.43352603912354,False,0.7168320750142048,,50.0
273482,2.037610922522778,100.32127618789673,False,0.6122392628231865,,50.0
908493,1.7585901674743332,116.81849122047424,False,0.8219865911599904,,59.0
693302,1.7661939780578595,116.93793511390686,False,0.33902424715916746,,58.0
441312,1.7770228198420759,115.54037928581238,False,0.865246679620691,,58.0
657565,1.7960757024180238,114.6211507320404,False,0.6639390938067009,,57.0
865155,1.8109243483706123,114.5972421169281,False,0.5591306074774511,,57.0
437675,1.8157528425691685,113.8429627418518,False,0.5278538671368586,,56.0
432360,1.8234863208959935,113.60213494300842,False,0.5347244287050045,,55.0
987256,2.0245346826720256,54.114946126937866,True,0.8756718443523148,,55.0
404202,1.9809655695752586,55.53364014625549,True,0.8672402408463604,,55.0
137348,1.8623073879604404,111.75283074378967,False,0.3776422888588298,,55.0
113157,1.868529608621279,111.30010843276978,False,0.23203895073004105,,52.0
448651,1.8638980778824077,111.38335490226746,False,0.3910977682808453,,51.0
264039,1.8767695786194658,110.70566368103027,False,0.17112088880039575,,51.0
313498,1.8161153572479543,115.56648182868958,False,0.3705828033202605,,53.0
976146,1.821684393845544,114.866459608078,False,0.6038099955606651,,53.0
895547,1.8567986837923618,112.5145218372345,False,0.5067814532854281,,52.0
888914,1.8738601403540343,111.5264539718628,False,0.6464153123448628,,52.0
443235,1.8753930303414676,111.91560959815979,False,0.4485615090289909,,52.0
22297,1.8943905388598739,110.57704520225525,False,0.1460567092064583,,51.0
164987,1.9218077657499435,109.06351566314697,False,0.10781295909437244,,51.0
355339,1.938188456359948,108.21301126480103,False,0.1726560735312216,,50.0
653214,1.9531355352978579,107.27315759658813,False,0.5667973858417257,,49.0
808131,1.9312136553420212,109.30917930603027,False,0.1906549704584893,,50.0
866599,1.9617529145186319,107.77517747879028,False,0.5230899199777395,,50.0
791077,1.9838498216398268,106.38820552825928,False,0.6987181679727512,,49.0
337136,1.9939050540786802,105.98071837425232,False,0.4145506608367307,,49.0
251310,1.9228946886322793,110.01538825035095,False,0.8995493686411955,,52.0
382594,1.9499536505964556,109.56060576438904,False,0.32733871220469873,,52.0
679773,1.9831740014807715,107.57709574699402,False,0.5461848423127361,,51.0
913945,2.0130112703498506,106.26558446884155,False,0.8806079485546368,,51.0
14530,2.0298478574234613,105.81520485877991,False,0.3514982375860003,,50.0
262575,2.0374301977006493,105.27852082252502,False,0.524242184329966,,49.0
418333,2.0644139934148074,103.93077182769775,False,0.5141386425435129,,48.0
39011,2.1791171280544943,99.07218742370605,False,0.4897593516328888,,48.0
868889,2.191691405831494,97.52701234817505,False,0.824010040394463,,47.0
429007,1.8994176218051506,97.9961166381836,True,0.6101656519592549,,58.0
697849,1.864506359379446,100.03489828109741,True,0.2730818773062992,,58.0
744396,1.8527380409638308,117.61338329315186,False,0.3887712247477822,,57.0
962428,1.859950094159898,117.07371711730957,False,0.2546246179921329,,56.0
406850,1.880320471334244,116.12661170959473,False,0.1150876190157897,,56.0
842216,1.7225340708080121,127.64180994033813,False,0.8142942117769085,,62.0
164215,1.7400004676127858,126.48318266868591,False,0.3765546026696823,,62.0
253858,1.7531127166830087,126.05299091339111,False,0.46320553499476436,,61.0
620468,1.7548249916142635,125.46587371826172,False,0.2764964409514669,,60.0
797287,1.7745104112324472,124.35103464126587,False,0.2242812044633449,,60.0
117610,1.8025403385140208,122.46311783790588,False,0.43228742381133783,,59.0
884668,1.9008971841265656,116.66272211074829,False,0.6160706036660688,,59.0
233951,1.9274680683346506,115.30597448348999,False,0.3923871734458484,,58.0
666504,1.955132783413542,114.01828122138977,False,0.10571731568770511,,58.0
859316,1.9815507646475319,112.31151676177979,False,0.49747582341306024,,57.0
919764,2.0002868908601656,111.40869545936584,False,0.12275837719428537,,57.0
505552,1.9801990847101119,112.72215151786804,False,0.12784342094530038,,57.0
756486,1.996215973238507,111.4146773815155,False,0.6381866010695172,,57.0
875264,2.0425521586441358,110.04045510292053,False,0.27361313073270177,,56.0
