0,1,2,3,4,5,6,7,8,9,10,11,12,13,14,15,16,17,18,19,20,21,22,23,24,25,26,27,28,29
4.210763033971324,4.731323138128373,5.044125902328183,4.9744044591819865,4.705419730280341,4.233975924206027,3.1623750898346477,2.963780293550954,3.1591194764321413,3.5151735525156367,3.2931089567741676,3.534965822468575,3.372872475944832,3.0850697648484013,3.360178978643623,2.7656217711765305,2.363287542865436,2.10563169977211,2.180675026517545,2.3418715922078324,2.1386736979064627,2.2292198745503793,2.111747585011432,2.7306472200597804,3.2398210276809114,2.605749684363887,2.5947985772354856,2.5947985772354856,2.5947985772354856,2.5947985772354856
2.263493351724115,2.264742673222203,2.2648602162785645,2.26466265738899,2.2633371588775026,2.2645995140759156,2.611349735181667,2.4603370811222938,2.2597445955138586,2.7034783168547043,1.402675623612835,2.2771748759398327,2.2568645866475747,2.2568645866475747,2.2568645866475747,2.2568645866475747,2.3028225708219288,2.3028225708219288,2.3028225708219288,2.3028225708219288,2.3028225708219288,2.3028225708219288,2.3028225708219288,2.3028225708219288,2.3028225708219288,2.3028225708219288,2.3028225708219288,2.3028225708219288,2.3028225708219288,2.3028225708219288
3.238339483811035,3.2383388747347728,3.23833804721051,3.2383372355856217,3.2383350625073923,3.2383335976903243,3.2383335976903243,3.2383335976903243,3.2383335976903243,3.2383335976903243,3.2383335976903243,3.2383335976903243,3.2383335976903243,2.4332631301598893,2.179069912446267,2.145662438100425,2.0958380732502317,2.095782797825458,2.0957241133961038,2.095614529596882,2.095535513157801,2.0953037142545696,2.0952784726806963,2.0952784726806963,2.0952784726806963,2.0952784726806963,2.0952784726806963,2.0952784726806963,2.0952784726806963,2.0952784726806963
2.617216635021074,2.6169130870326933,2.616243541573341,2.6154964372842273,2.6140553048613775,2.6126237150343297,2.6095521406214326,2.601421993898792,2.5948749937449764,2.579153979778429,2.5705762129533065,2.5654859308307945,2.557199595320428,2.557199595320428,2.557199595320428,2.557199595320428,2.547215247538193,2.5104216361821035,2.463182679943571,2.443460968164222,2.420612794613707,1.504325260844533,1.490822120718453,1.477593291683921,1.4732055211659143,1.4687884401225348,1.8837690096562243,1.8837690096562243,1.8837690096562243,1.8837690096562243
2.270718651259899,2.728929845462127,3.076446304918342,3.819463136680481,3.8193422711608656,3.8171185297918884,3.813806744535351,3.7870256444790362,3.7624556223478773,3.7368681855301933,3.650112704310021,3.595415875589212,3.238425534649667,3.188588639229917,3.1477971824788478,3.1477971824788478,3.1477971824788478,3.1477971824788478,2.883683711359889,2.734163708854229,2.65580264460278,2.5500883750723684,2.534556371855628,2.5076016174116207,2.4333409600861136,2.402717947912867,2.2824816788122244,2.2783489978000926,2.268456887520071,2.262446112080458
4.222397038111472,3.9210246335030714,4.321114620345298,4.321114620345298,4.321114620345298,4.321114620345298,4.3210974996913025,4.321025997639811,4.321025997639811,4.321025997639811,4.321025997639811,4.26370336516572,3.4617748789886487,3.459966952575319,3.4541757544848455,3.3971525511471623,3.2863179180524975,3.155376708472902,3.095698078436479,3.0176487575172186,2.9262972662519737,2.915680344845788,2.915680344845788,2.915680344845788,2.915680344845788,2.669078275542474,2.669078275542474,2.669078275542474,2.669078275542474,2.547116937924557
1.6876237384658124,2.1076237384658123,2.1076237384658123,2.1076237384658123,2.1076237384658123,2.527623697615473,2.5276236034275876,2.527622692900173,2.5276218768122485,2.527619496011731,2.5276190311722737,2.5276188878398282,2.527617780329537,2.5276145067760747,2.527612213537449,2.5276104454972312,2.52760897465022,2.5276059347543267,2.5276059347543267,2.5276059347543267,2.5276059347543267,2.5276059347543267,2.5276059347543267,2.5276059347543267,2.5276059347543267,2.5276059347543267,2.5275340154460464,2.527219069664305,2.5210871826714687,2.520867165960927
3.027780651767891,3.027191761297616,2.9164182261187435,2.8977039529755992,2.09731863381978,2.096199393735659,2.096174625178647,2.0961416245640287,2.0961133649800465,2.0957948195186513,2.0612360546730564,2.0473533848075984,1.8235481508212343,1.8235253500998798,1.8235253436108316,1.8235253368195246,1.8235253296135114,1.8235253253692338,1.8235253096475972,1.8235253010748773,1.8235252898954493,1.8235252736446397,1.823525262684743,1.8235240416153178,1.8235205047457965,0.8890631060888533,1.2707879057661133,1.6907879056097024,1.6907879056097024,1.6907879056097024
3.4293391397681905,3.42812951972747,3.2779413975967944,3.032246240658191,2.983602690295795,2.8803882608706055,2.7845357199652407,2.13121178234881,2.197391117258829,1.6328727771434495,2.373971887868091,1.3030437815140758,1.646033553825757,1.6460093578537662,1.645608341341617,1.6456073705202259,1.529307705266127,1.9222300050653889,1.7856464900902556,1.3553387534389145,1.7753387534389145,1.7753387534389145,1.7753387534389145,1.7753387534389145,1.7753387534389145,1.7753387534389145,1.7753387534389145,1.7753387534389145,1.775254610979227,1.704237881944933
3.3202650507106144,3.154451808978228,3.140575211425424,3.0870685242144527,3.0545356072836864,2.982221368021727,2.967695633568411,2.9290777529110907,2.8915795622419456,2.872465081083124,2.836376921803652,2.814320223634623,2.786000367445509,2.7525151793800084,2.7325050016920165,2.707567185090536,2.699138133305057,2.6813776008002694,2.6767621811389417,2.6620188367832123,2.6401591736954932,2.6364919527636985,2.623222717749689,2.615881876373482,2.610052558440237,2.601756543936414,1.9992046775801062,2.70973887714193,3.113190368481543,3.0831986524295334
1.7843810705523033,1.9484738537133013,1.5949231077771917,1.976315564717773,2.5025200159369154,3.273960160649679,3.2260866792488327,1.822872093455533,1.7552306210280095,1.7552306210280095,1.7552306210280095,1.7552306210280095,1.9886990194618805,1.7786488345617208,1.8100832766819954,1.8097348550448256,1.8097353254586195,1.8097484815926732,1.8098057085531596,1.7921505165084621,1.8986084688603309,1.8081648896498175,1.5383354938959308,2.4168404999066793,1.5400762156161758,0.0,1.68,1.3643971831940744,1.552392411261735,1.9710624390844276
2.305996671442917,2.3057996271202996,2.3054120165929586,2.3049566341317953,1.5833117097874152,1.622157161156563,2.038447880456047,2.458424142001714,2.4584241286490074,2.4584241211301388,2.458424116128198,2.458424103781756,2.4584240968223385,2.458424093665622,2.458424089123646,2.4584240845417975,2.985863006074636,2.7954230965191953,2.8022535958771186,2.801805704106666,2.8027142336181075,2.802762421431646,2.799461410767218,2.8001081508175076,2.710249674715622,2.8015889506436435,2.7747577481235757,2.783251153404241,3.0199077146616045,2.9606858537080836
1.871751466814128,1.9805991578847177,1.9805991578847177,1.9805991578847177,1.9805991578847177,1.6500885875334252,1.4907042869130651,2.0324742002772838,2.0324742002772838,2.0324742002772838,2.0324742002772838,1.7017306308805584,1.5682045889335656,1.7812015398001555,2.4910730722313916,2.4910730722313916,2.4910730722313916,2.4910730722313916,2.4910730722313916,2.4910730722313916,2.4910730722313916,2.4910730722313916,2.840277103533694,3.2602771001407693,3.260277083148166,3.417840092515758,3.665454123182677,3.6654541012166906,3.665454087594291,3.6654540307799355
2.521481141479238,3.570797457068785,4.548276329153297,4.548276328805706,4.548276328805706,4.548276328805706,4.548276328805706,4.548276328805706,4.548276328805706,4.548276328805706,4.548276328805706,4.548276328805706,4.548276328805706,4.548276328805706,4.548276328805706,4.548276328805706,4.548276328805706,4.548276328805706,4.548276328805706,4.547418516924764,4.546558245586343,4.529425358077898,4.460541689941211,3.6182601730398165,3.4244576180858344,3.228516861556212,3.1493807377277787,3.1054624130962054,2.946694719602109,2.6774849612920524
3.282131979774229,3.282131939731574,3.5363011582510033,3.5363011510535816,3.5363011226703778,3.53630064081604,3.536300395583732,3.536300208781024,3.536299728100193,3.53629863627633,3.5362131651108006,3.5362050830007212,3.5361987604009495,3.536102932853688,3.5360375647837663,3.5342175759081886,3.534208167842841,3.5341775896531455,3.534171567091676,3.5341160653813053,3.5194358682845928,3.513010791110664,3.505107900827837,3.499398955883286,3.447868940103852,3.447700255314633,3.4475541149813096,3.4472154216611948,3.442241361086822,3.4329312315166702
2.1631999989016637,2.1631986978557483,2.5825545700532495,2.5825307982504495,2.582460807013405,2.581995998256703,2.581822807497795,2.580786065572649,2.5798590821194294,2.484692672041971,2.483056490001288,2.4829748385316037,2.4829748385316037,2.4829748385316037,2.4829748385316037,2.4829748385316037,2.4829748385316037,2.4829748385316037,2.4829748385316037,0.42,1.6793753411666004,1.677917139140997,1.6760796998975545,1.673671808613486,2.0919392121193425,1.768881264435963,1.7688560001464073,1.7688340756347793,1.766295750557169,1.8096101171381576
1.853684984145972,2.289544441218483,2.2810805153867446,1.9551424981392505,2.163212306946481,1.4493838997737298,2.6645929233353542,2.66459282096438,2.664592731006339,2.664592431670025,2.6645920170834914,2.6645918664296384,2.664591481932408,2.664591481932408,2.664591481932408,2.664591481932408,2.6645912054459773,2.664590150841169,2.664590150841169,2.664590150841169,2.664590150841169,2.6645863660736966,2.6645424627546364,2.6645424627546364,2.6645424627546364,2.6645424627546364,2.6645424627546364,2.6645424627546364,2.6645424627546364,2.6645424627546364
2.011462868465194,2.294302765592387,2.4770299320259137,2.1746709120973757,2.187932990905157,2.211566443680466,2.212601916086409,2.2097037496615943,2.2101649288441876,2.2144023948231806,2.2103595560655207,2.2036168893657004,2.190634410618057,2.2114486232253534,2.21937030124778,0.38512683970745387,2.150207922002387,3.7398548408022574,3.739854837417393,3.739854215060694,3.7398486393353267,3.7376037608814277,3.7372355473736825,3.737235370961825,3.7372347717892627,3.7372331808593606,3.737232518863968,3.737232518863968,3.737232518863968,3.737232518863968
2.9813423919924786,2.981339551890984,2.981339551890984,2.981339551890984,2.981339551890984,2.981339551890984,2.981339551890984,2.981339551890984,2.981339551890984,2.981339551890984,2.9691864847899248,2.7033486811352154,3.2224117604849383,3.0149048380574346,2.910259503773253,2.9612492784166324,2.9612143432300604,2.9610527464792322,2.961278640768841,2.961212258725587,2.9612053457897285,2.961216571292945,2.961216626258439,2.96121258152643,2.961213189721004,2.961162659929536,2.9612161750151937,2.9612168553144946,2.9612152005645176,2.961215724561154
3.258491048163844,3.2584909846415355,3.258490829070713,3.258490325071597,3.258489545275142,3.2571793931568074,3.257063470808322,3.257043563978502,3.257043563978502,3.257043563978502,3.257043563978502,3.257043157069143,3.257012330301626,3.256981201100793,3.2569088586162174,3.256775620604535,3.2566130403012745,3.2564581896291167,3.2563524586583665,3.255765899875517,3.25452469769471,3.2531559995150934,3.2518188398814707,3.250585805187918,3.24804790649429,3.2418154492964812,3.2351237440283342,3.2295548732783446,3.222168685303858,3.2141425734890894
2.1160922427464937,2.1159886344434655,2.077037382669115,2.4970371418487747,2.4970350125449152,2.4970340085734684,2.4970340085734684,2.4970340085734684,2.4970340085734684,2.4970316221395317,2.497020262564084,2.4970087834953647,2.4969996219123463,2.4969996219123463,2.4969996219123463,2.4969996219123463,2.4969683935653255,2.4969683935653255,2.4969683935653255,2.4969683935653255,2.4969683935653255,2.4969683935653255,2.4969683935653255,2.4969683935653255,2.4969683935653255,2.4969683935653255,2.4969683935653255,2.4969683935653255,2.4969683935653255,0.0
1.9721330645631923,1.9721330138982391,2.325246245756918,2.323228024048653,1.7672940623723434,1.6793943086729093,1.6793943086729093,1.6793943086729093,1.6793943086729093,1.2230469206204222,1.9025564771154069,2.322188472587478,2.322188472587478,2.322188472587478,2.322188472587478,2.322188472587478,2.3221783388184503,2.3221190242642478,2.3221190242642478,2.3221190242642478,2.3221190242642478,2.3221190242642478,2.3221190242642478,2.3221190242642478,2.3221190242642478,2.3221190242642478,2.035070903285543,2.199204057954004,1.764411354314747,1.3032863343528025
2.6553358750713163,2.6415373383963696,2.6373840689779846,2.636346389704394,2.636488122159863,2.636371261994635,2.6360510148362826,2.636560279350117,2.636434480159204,2.6364403186279577,2.6364419498347518,2.636443143404691,2.6364489280550525,2.6364603409508924,2.636431334526452,2.636417132515006,2.636417132515006,2.636417132515006,2.636417132515006,2.6364375486423146,2.636445084841143,2.6363663532868182,2.636373594563603,2.636421165435952,2.636444854543159,2.6364354631414755,2.636441832102688,2.6364483907035696,2.6364329290238477,2.636437897847095
3.1166400808391,3.116640061658942,3.116639996307887,3.1166399108836607,3.1166396460343235,3.1166391171478276,3.1166390004295628,3.1166390004295628,3.1166390004295628,3.1166390004295628,3.1166390004295628,3.1166390004295628,3.1166390004295628,3.1166390004295628,3.116599461194504,3.116569837007091,3.116569837007091,3.116569837007091,3.116569837007091,3.116569837007091,3.1161078381098486,3.1147487859209626,3.1121650966875003,3.103841493867907,3.100160240362682,3.095564990203252,3.0777492062752847,3.027784485318623,3.020849457604029,3.020849457604029
1.3478098551388813,1.190050869815737,1.9643183833204856,1.8532757594147788,1.865394610971927,1.6614653219395024,1.6643369607028837,1.6636694684585505,1.5608016756605028,1.5829338209161428,1.5791155040393954,1.9140333722392446,0.5948996984433608,1.8227453635885542,1.6169073226179107,1.6377698135251124,2.5788008433714777,2.5751462786898114,1.6280016678932128,1.0418576512622404,1.5295901655344657,2.2167348154527913,2.663316324584243,3.219857479880768,2.4855997756680277,2.452373523182146,2.7075449885195915,1.7695026453305354,1.7609776208338956,2.146867557061718
1.9373055530903627,1.9053657512445603,1.9053657512445603,1.9053657512445603,1.9053657512445603,1.9053657512445603,0.7253504388459342,1.985350438845934,1.5802597251421349,1.5802162941088636,2.000165580454201,2.4192787710810966,1.6891041341453783,1.6063683784095546,1.9303448714998068,2.5353143284741084,2.5289893803242482,2.5289893803242482,2.5289893803242482,2.5289893803242482,2.5289893803242482,2.5289893803242482,2.5289893803242482,2.5289893803242482,2.5289893803242482,2.5289893803242482,2.5289893803242482,2.5289893803242482,2.5289893803242482,2.5289893803242482
2.9729739526154737,2.9708880670937625,2.9665743569267935,2.9430984181153814,2.9430984181153814,2.9430984181153814,2.9430984181153814,2.9430984181153814,2.9430984181153814,2.9430984181153814,2.9430984181153814,2.9430984181153814,2.9430984181153814,2.9430984181153814,2.9430984181153814,2.9430984181153814,2.9430984181153814,2.9430984181153814,2.9430984181153814,2.9430984181153814,2.5417914194367004,2.95354211359434,2.953059200447199,2.953059200447199,2.953059200447199,2.953059200447199,2.953059200447199,2.953059200447199,2.953059200447199,2.953059200447199
1.7882800860822672,1.8010033083193644,2.443394442229653,1.6764688572985336,2.2042712747316595,1.8960935105315633,1.8960935105315633,1.8960935105315633,1.8960935105315633,1.8960935105315633,1.8960935105315633,1.8960935105315633,1.8960935105315633,1.8591508986597212,1.8126609317122122,1.4272911948806066,1.8383405856582922,1.7907582808794806,1.9030138305409559,2.1131446766420683,2.0906158122228446,1.8295545514326979,1.8272205812808868,1.8245995059437743,1.7875384246220318,1.9263944177896686,1.4492469201480267,1.8737475105587784,1.7284570895467528,2.0707980041906473
2.1465449812648596,2.382834398104597,2.382834398104597,2.382834398104597,2.382834398104597,2.382834398104597,2.102652509511771,2.036540542436331,2.2279643866332712,2.64730276334777,2.6465247545672623,2.6452837613366706,2.645238121207468,2.645238121207468,2.645238121207468,2.645238121207468,2.645238121207468,2.645238121207468,2.645238121207468,2.645238121207468,2.639339410603914,2.6317537560515145,2.617099501880442,2.608562229352605,2.599224626186317,2.5971758341201956,2.6371758341201956,1.8371672960721745,1.837148189748978,1.8371422364598429
1.9265634373972969,1.9722975884120912,1.7563855108342497,1.7563855108342497,1.7563855108342497,1.7563855108342497,2.17289326702925,2.17289326702925,2.17289326702925,2.17289326702925,2.17289326702925,2.17289326702925,2.17289326702925,2.17289326702925,2.17289326702925,2.648009347578132,2.8988612475445974,2.8988612475445974,2.8988612475445974,2.8988612475445974,2.8988612475445974,2.8988612475445974,2.8988612475445974,2.8988612475445974,2.8988612475445974,2.8988612475445974,2.8988612475445974,2.8988612475445974,2.8988612475445974,2.8988612475445974
2.3753126357042738,1.513778426452196,1.513778426452196,1.513778426452196,1.513778426452196,1.513778426452196,1.513778426452196,1.513778426452196,1.513778426452196,1.513778426452196,1.513778426452196,1.513778426452196,1.513778426452196,1.513778426452196,1.513778426452196,1.513778426452196,1.513778426452196,1.513778426452196,2.273238749216737,2.6183956765843073,1.9195215717412253,1.9859468591038274,2.609234381577735,2.7918091717476132,3.6318091662420233,3.631809053034999,3.6318082349742427,3.628850462276985,3.2868761502228163,3.136896939942241
2.3154124714824866,2.3140517391704543,2.3092539621139148,2.3059296127137276,2.2942381223436676,2.276392267142443,2.6597860884197,2.282215577535349,0.912298432654685,1.7470535983784559,1.7870664890506347,1.808558087269699,2.0659103509326857,1.9444389341858073,1.9923933555504818,1.8435235908350909,1.39475347435385,1.8171950158478842,1.6751010309469938,2.396040822070501,1.7892900923505555,1.8167907858858303,1.829482739516643,1.8314356591735323,1.428266875690195,1.732330785354434,1.732330785354434,1.732330785354434,1.732330785354434,1.732330785354434
0.0,1.26,1.26,1.26,1.26,0.708638109684468,0.9880323633783772,1.8750008979868906,2.096625445999845,1.7338070454308752,2.2187280108848926,1.597757476936307,2.4784606478626916,2.0621516486604134,1.9510449534198446,3.1733308388615042,1.7275750674422947,1.7624470854587113,1.7624467276469449,1.7624448523330782,1.7624352477390417,1.7726037495871279,1.8314285528263006,2.8365995509091944,2.734437387997685,2.537581978119455,1.1197836894106359,1.4749393315231207,1.2710828443685083,0.9883500117488658
2.0781606359356855,2.554385027814856,2.554385027814856,2.554385027814856,2.554385027814856,2.1200726126883342,2.0341419210788154,2.32245120450728,2.173486198298836,2.1140397193376357,1.9908953678229453,2.5225271927031443,0.6204269434661889,2.243137490732304,2.2552284429685767,2.2552284429685767,2.2552284429685767,2.2552284429685767,2.2552284429685767,2.014668424580089,0.7385942533967025,0.0,2.3504858541981952,3.2452212370419877,3.24522123511514,3.245221229690161,2.576424539149485,1.9839833308302954,0.73870131305055,0.73870131305055
2.597041143191781,2.425271675181991,2.457686448389912,2.464644752857392,2.4617535213229025,2.5155774591888225,2.4829216989316842,2.1410292102793065,2.4592251049505824,2.459106567412348,2.4591347020816436,2.4594595033738833,2.458905905393505,2.4634615876314685,3.245599138426425,2.4903108193451833,2.55252851318118,2.453891421433535,3.2102185567128703,3.8931924860649385,3.8931924804123086,3.8931924713128905,3.8931924421554753,3.893191741839061,3.8931872188978733,3.8931805258965166,3.893159886356151,3.8930405553387324,3.8928564521226976,3.8921335444655027
2.183363169815656,2.2733733884307794,2.386019658444185,2.38601965834217,2.38601965753268,2.386019657133707,2.386019655699991,2.3860196530891966,2.386019649079633,2.386019641646205,2.3860196314753743,2.380729326457528,2.356794626506259,2.356719538958233,2.3567138888222248,2.356696990511344,2.356696990511344,2.356696990511344,2.356696990511344,2.356696990511344,2.3556781783900425,2.352877673172093,2.34484393552712,2.3423983449856216,2.3277837615145405,2.3193153685390353,1.6419869471434017,1.4124534018917936,1.4124534018917936,1.4124534018917936
3.2073108015689678,2.8953161807961343,2.7215532035580807,3.541014377905132,3.4581474715272384,3.1275958747179016,2.336098118953779,1.135403243739443,1.4768790971109922,1.559780949414713,1.5282286003646983,1.3803053844011672,1.495195445505443,1.6672993267061034,1.6623461835168343,2.2345213187528707,1.8570229173820496,1.7551375494946024,1.7852780587011305,1.6241420534849742,1.6241420534849742,1.6241420534849742,1.6241420534849742,1.4268902354884534,1.130109859135599,1.506799697274213,1.506799697274213,1.506799697274213,1.506799697274213,1.4150677270475984
3.3139119748073607,3.0410141302598634,3.363094388647032,3.4019267703297444,3.4019488721731936,3.3690544722534455,2.808705640231712,3.3879070863944754,3.4125155796451683,3.1465197826810694,3.625799564232668,3.6257995640704754,3.625799563903224,3.625799563479505,3.625799563312172,3.6257995595025294,3.625799556445819,3.6257995504028346,3.6257995373518086,3.625799526533446,3.6257994674761767,3.6257993178355754,3.6257985856235746,3.625798313914917,3.625797572351953,3.6257936682719345,3.6257882906866206,3.6257526221364107,3.6257315503273273,3.62482588968539
2.8054764027502257,2.805011956705379,2.0900870919199894,2.0534805017151636,2.472822957673486,2.472822957673486,2.472822957673486,2.472822957673486,2.472822957673486,2.472822957673486,2.472822957673486,2.472822957673486,1.6691830552579305,2.1744922335494468,1.7869492909879843,1.7863179516919176,1.7860263039198765,1.7858808044949415,1.7858808044949415,1.7858808044949415,1.7858808044949415,1.7784812194287687,1.762495985510343,1.7443815861353325,1.7367561998954382,1.7367561998954382,1.7367561998954382,1.7367561998954382,2.127396248291598,2.127396242119676
2.6778474552134086,2.677771806403543,2.677558174313307,2.677428391004377,2.6772064617427467,2.676826874111833,2.6765034699330603,2.58258281166511,2.450078590304937,1.8514511520789008,1.8513808678360475,1.8512984830451205,1.8511938912639812,1.8511938912639812,1.8511938912639812,1.8511938912639812,1.8511938912639812,1.8511938912639812,1.8511938912639812,1.8511938912639812,1.851100043536441,1.8502118759917947,1.8477004621577389,1.8453987036782766,2.2631307597775847,2.256424769568018,2.248005040647258,2.198387280056276,2.1424953072148947,2.0451070685872614
3.0934284141113517,3.0934284134383536,3.093428412285858,3.0934284071101263,3.093428383218703,3.0934283433431973,3.093428256124021,3.0934098320275676,3.09294809316707,3.0912681859785818,2.978103807959391,2.9527013111526563,2.9615195103468146,2.951313175952092,3.2359099901087585,2.8264710501050314,2.960232836389189,2.9536932006499725,2.9535029975569613,2.954356439922564,2.9458698558674468,2.9570962709937003,2.953860088523386,2.953492113482204,2.9528908356543093,2.8756292082825845,2.872095408428528,2.840861325989292,2.8339512317414424,2.8186735927496986
2.4666086348719487,2.4666086348719487,2.4666086348719487,2.4666086348719487,2.4665330988309146,2.466533037133598,2.466446367260454,2.4664380910229156,2.4664270572380755,2.466419201539351,2.4663080369715056,2.465934175349974,2.457449209739886,2.4549494975667083,2.454177867325788,2.438345982929439,2.4171301886234215,2.3611038624758307,2.352872724817418,2.326313846418097,2.4528044151215065,1.7044051882620357,1.8139191371011467,3.0739191371011465,3.073918126637888,3.0739039924937077,3.0739012156857224,3.0738915760313934,3.073835430017939,3.073835430017939
3.0540939138285754,3.04685689844269,3.0335738878389025,3.0335738878389025,3.0335738878389025,3.0335738878389025,2.4591732043730654,2.440493197365978,2.4311773607992153,2.4008364447911594,2.381501090158535,2.381501090158535,2.381501090158535,2.381501090158535,2.381501090158535,2.381501090158535,2.381501090158535,2.381501090158535,2.3809920509042013,2.3791955802635805,2.3560012065282874,2.258714061809242,2.19633255958644,2.170424788158134,2.1312051891510118,2.107199850966013,2.094034965397232,2.0782227777167295,2.067220177568483,2.063621460619145
2.554863365357352,2.7904294356020074,2.7904289598634033,2.790427499316583,2.7904202930747277,2.790402454955969,2.790388277226221,2.790319473718347,2.790266861101337,2.790211026963278,2.790211026963278,2.790211026963278,2.790211026963278,2.789273019127148,2.788480336993876,2.785712771879441,2.7664298187585294,2.653856184040271,2.6338641200417814,2.5994812917411014,2.459380977136829,2.450340797702429,2.3867036605678593,2.333234656166964,2.3134087193702513,2.292816064687212,2.2071839858331117,2.192535112828457,2.1859529465588476,2.173244048090195
1.530645632985218,1.7405831549240962,1.7355667933726469,1.1404001936841763,2.7244532083083164,2.391474060492089,2.7246535845322692,1.9832749844972493,1.9832749844972493,1.9832749844972493,1.9832749844972493,1.9832749844972493,1.9832749844972493,1.9832749844972493,1.9832749844972493,1.9832749844972493,1.9832749844972493,1.9832749844972493,1.9832749844972493,1.9832749844972493,1.9832749844972493,1.9832749844972493,1.9832749844972493,2.583952293202366,2.5832528688212535,2.5822200172543055,2.5821924869657007,2.582192231793822,2.5821554321896043,2.582153939188692
2.4943968981728504,2.4893164887155486,2.487113956471757,2.479145708733129,2.468480247437968,2.4542310832018193,2.4108336621866417,2.392719186603609,2.3796974490667755,2.337028859726813,2.2938272019497847,2.2712108134689735,2.2540450095954343,2.228632102432841,2.196813581193904,2.162688278914502,2.568652774096689,2.5685943119212387,2.5685005915074557,2.568399774359166,2.5682227654220506,2.568160883908001,2.568105165321907,2.5680814867687944,2.56785327821552,2.5677469454311774,2.56770235123205,2.5676526976106313,2.5676125922849216,2.5675280789458776
1.9672201071247835,1.9164824534036795,2.279342720834945,2.022327818086579,2.602862371524225,2.119757522089676,1.9627130529248482,1.6516041801924721,1.7325352022834861,3.0557138589871196,3.3345074338403036,3.3345074337709115,3.3345074337709115,3.3345074337709115,3.3345074337709115,3.3345074337709115,3.3345074337709115,3.3345074337709115,3.3345074337709115,3.3345074337709115,3.3345074337709115,3.3345074337709115,3.3345074337709115,3.3345074337709115,3.3345074337709115,3.3345074337709115,3.3345074337709115,3.1970313923441074,3.0321070594528754,2.6881333639621356
2.030455758379554,2.5043109829614627,1.8156057997982225,1.8156057997982225,1.8156057997982225,1.8156057997982225,1.2076301719464306,2.3710046654631807,3.0903788504190755,3.09037809324544,3.0903646151199107,2.6761728167982892,2.549829577526558,2.549829577526558,2.549829577526558,2.549829577526558,1.3884373803686123,1.5949645223419087,2.359309313971161,2.364839754894919,2.3611065049448166,2.4023290587877013,2.3746104325207953,2.8278186018717912,2.5506914359230484,2.4415534385394837,2.2640369295275367,3.0292356512363012,3.0292356492041863,2.5874609877136807
2.805006887841833,2.7849831559608136,3.202629293460095,3.2026048086362344,3.2026048086362344,3.2026048086362344,3.2026048086362344,3.2026048086362344,2.8252460496535168,2.8250053614608213,2.824703379952321,2.8063776629056147,2.8046502068975907,2.8042871481226226,2.436180317454201,2.436180235151822,2.436180145670409,1.6470094043607795,1.8390269577333764,1.4351878780219849,1.4124705679622414,1.4326607550930863,1.4326607550930863,1.4326607550930863,1.4326607550930863,1.3886381035501745,1.0221270492989343,0.6798140991303696,1.4172535477445192,1.575271177551718
2.431641535261576,2.4406434735547364,3.4747644251801555,3.4747643884798,3.4742419377069322,3.4735667175162828,3.472787402611143,3.472787402611143,3.472787402611143,3.472787402611143,3.472787402611143,3.472787402611143,3.472787402611143,3.472787402611143,2.6711754843422764,2.4914376107295313,2.2956281507720226,1.7907940057131821,0.8269862858589463,1.666225914992555,2.0862036198800666,2.50120270688423,2.5007400439409024,2.4994311829641638,2.491159957989144,2.48670025703079,2.482813931697674,2.468856115707974,2.4451713928941765,2.4325467773174636
2.268157372372962,3.363806243561603,2.1123335840446082,2.1692122204646713,2.9037374074653526,2.1968297004688875,2.2618314205943033,2.0440099304737793,2.3148365930723114,2.3148365930723114,2.3148365930723114,2.3148365930723114,2.3148365930723114,2.3174543056428663,2.3179733867918992,2.319445496928265,2.3176050760742593,2.3177169049488358,2.3143159370635873,2.3143159370635873,2.3143159370635873,2.3143159370635873,2.3143159370635873,2.3143159370635873,2.3143159370635873,2.3143159370635873,2.3143159370635873,2.3143159370635873,2.3143159370635873,2.3143159370635873
2.79352818714333,2.79225029209654,2.59756358257643,2.5957058919729468,2.588971383019456,2.5870476509909617,2.5835351731458753,2.5755209860883057,2.567764915614548,2.5548300766068417,2.5472381516775897,2.533022767627128,2.515484833951601,2.4917668211872224,2.4554975420534797,2.4464055762540795,2.4373759181391885,2.430264204895987,2.4256377297648846,2.4194422754015963,2.4096919797384784,2.383305536985698,2.3783440428085796,2.377932129659399,2.377932129659399,2.377932129659399,2.377932129659399,2.3706594719911527,2.358565755232237,2.3529746913404237
1.1538516921466566,2.8338516921466566,2.8338516921466566,2.8338516921466566,2.8338516921466566,2.8338516921466566,2.8338516919160335,2.8338516915942504,2.8338516913267804,2.8338516845324415,2.833851682118905,2.8338516761545,2.8338516602619346,2.833851608734202,2.833851558464958,2.8338514160317354,2.8338512161316283,2.8338501517981913,2.8338497867961907,2.8338486338917073,2.8338390584333317,2.8752953394425247,2.9450948594157214,2.9319825723363646,2.9315710713271526,2.9313387836093816,2.9313370758363675,2.9313370758363675,2.9313370758363675,2.9313370758363675
2.0043895225813055,2.17686305971796,2.17686305971796,2.17686305971796,2.17686305971796,2.17686305971796,2.17686305971796,2.17686305971796,2.17686305971796,2.17686305971796,2.17686305971796,2.17686305971796,2.17686305971796,2.17686305971796,2.17686305971796,2.17686305971796,2.17686305971796,2.1315427699779836,2.406336135265185,2.108894547795324,2.03892437257435,2.058066903530695,2.0607634099629286,3.5173652626671137,2.251750637031064,0.424035688506315,1.6840356885063148,2.1143767514657053,2.114648536397203,2.1149925929360935
2.437292952288359,2.5196743661003516,2.534741198980847,2.5383015717029354,2.508878359207832,2.5098945670730113,2.5098945670730113,2.5098945670730113,2.5098945670730113,2.5098945670730113,2.5098945670730113,2.5098945670730113,2.5098945670730113,2.5098945670730113,2.5098945670730113,2.5098945670730113,2.5098945670730113,2.5098945670730113,2.5098945670730113,2.5098945670730113,2.5098945670730113,2.5091911724320184,2.5113238878313853,2.5052685633977854,2.508328906981122,2.5095948095517464,2.5095265766352868,2.5095924226810657,2.509633012001827,2.5095427937515433
1.8264460906150592,2.462641264037179,2.1690148210241302,2.3204562939361426,2.3204562939361426,2.3204562939361426,2.3204562939361426,2.317831033717522,2.3164205080953035,2.3186614061631245,2.315685187455065,2.3154970281391694,2.3160979970090865,2.315919822793982,2.315868619986102,2.315865880080992,2.3163989109156717,2.313604637016737,2.324570590967748,2.324570590967748,2.324570590967748,2.324570590967748,2.32457047170548,2.324570427430426,2.324570301125043,2.324568557162596,2.2827750397174853,2.3700816889460548,2.3700816880898836,2.3700816853677713
2.644352657137852,3.4661061041243553,3.4661060533677244,3.4661059553586435,3.4661056409523003,3.4661052014588334,3.466104196060515,3.4661032839672825,3.466098862378027,3.4660917788032295,3.4660342323254696,3.4660107153107798,3.465981643715193,3.465736574887871,3.465308071887548,3.462920017885672,3.462261811961959,3.4590626394489403,3.4542165041399757,3.4482454004130285,3.4395821286642767,3.4334173771569634,3.396556066654779,3.324633558126257,3.2867706331096165,3.20775440950124,2.9976258629801036,2.985268680013781,2.955016881576826,2.86024213973929
2.4479587998012824,2.4582658376643005,2.443845521098015,2.4403617570895912,2.4365360120008344,2.2428371047769753,2.6430855312311072,2.6430855312311072,2.6430855312311072,2.6430855312311072,2.6430855312311072,2.6430855312311072,2.6430855312311072,2.6430855312311072,2.6430855312311072,2.6430855312311072,2.6430855312311072,2.6430855312311072,2.6430855312311072,2.6430855312311072,2.6430855312311072,2.6430855312311072,1.6957822701573342,2.454837847691758,0.0,1.68,2.4412282125751648,2.4405385281390064,2.4546722777402548,2.44091104954487
2.241984363497275,1.9457100454576965,1.9800133956229526,1.8801015971635433,1.8801015971635433,1.8801015971635433,1.8801015971635433,1.8801015971635433,1.9178547266093486,1.339706707743412,2.696275599412217,3.1162754681681957,3.1162751560343986,3.116274606785971,3.1162743230695167,3.116273015908463,2.3145637368147445,1.8016548498144234,1.0436251863516603,1.45725281815826,2.1800154855079676,1.8824683326398677,1.86153548174813,1.8550522136685912,1.9796080905071585,2.143740902072021,2.1029215535298067,2.1029215535298067,2.1029215535298067,2.1029215535298067
1.7070045249295633,2.3654402866448803,2.1243633835391034,1.6348782598282874,1.7600884713816618,2.0380935086926484,3.2842687281055976,3.2842687235246406,3.284268717632082,3.2842687052425767,3.2842686431243457,3.284268605056895,3.284268605056895,3.284268605056895,3.284268605056895,3.284268605056895,3.2842684504644466,3.2842684504644466,3.2842684504644466,3.2842684504644466,3.2842684504644466,3.2842684504644466,3.2842684504644466,3.2842684504644466,2.742886919263333,2.742886888677918,2.7428868326289364,2.742886757192427,2.742886694657021,2.742886108924211
2.8676721288640787,2.5826335501173068,2.547792441909058,2.547792441909058,2.547792441909058,2.547792441909058,2.967792441909058,3.555656346637123,2.7152892976392464,2.6481618414292765,2.686121609776963,2.674621024537871,2.6745992445054028,2.6743603099136535,2.6738914053687064,2.675456840069511,2.6787521428233023,2.6787521428233023,2.6787521428233023,2.6787521428233023,2.6787521428233023,2.6787521428233023,2.6787521428233023,2.6787521428233023,2.660547914315569,2.660547914315569,2.660547914315569,2.660547914315569,2.658206794000018,2.6619410180699554
2.101551214240997,2.1869096866112554,2.181870173810388,3.0224830662351523,2.2221236600767384,1.059740556134,2.0503966437054397,2.0503966437054397,2.0503966437054397,2.0503966437054397,2.1420035851113575,3.210652639999468,3.210652639999468,3.210652639999468,3.210652639999468,3.210652639999468,3.210652639999468,3.210652639999468,3.210652639999468,3.210652639999468,3.210652639999468,3.210652639999468,3.210652639999468,3.210652639999468,3.210652639999468,3.210652639999468,3.210652639999468,3.210652639999468,2.6201566716874765,3.142977955072445
2.4932299827913127,1.690740411651971,2.1256370239537725,2.1049828843347953,2.408070907626859,1.728451189985575,2.1291547018581225,2.157850165478768,2.147894459284253,2.122752841758027,2.4964413754838826,3.1220288748255913,3.1220288748255913,3.1220288748255913,3.1220288748255913,3.1220288748255913,3.1220288748255913,3.1220288748255913,3.1220288748255913,3.1220288748255913,3.1220288748255913,3.1220288748255913,3.1220288748255913,3.1220288748255913,3.1220288748255913,3.1220288748255913,3.1220288748255913,3.1220288623668906,3.41730294205832,3.4172838633348337
2.971359536032798,2.6803465991036712,2.7630531262912124,2.7630531262912124,2.7630531262912124,2.7630531262912124,2.7630531262912124,2.7630531262912124,2.7630531262912124,2.7630531262912124,2.7536105643073943,2.7536105643073943,2.7536105643073943,2.7536105643073943,2.7536105643073943,2.7536105643073943,2.7536105643073943,2.7536105643073943,2.7536105643073943,2.7536105643073943,2.7536105643073943,2.7536105643073943,2.7536105643073943,2.7536105643073943,2.7536105643073943,2.7536105643073943,2.7560621384006616,2.7577346915686753,2.7551846424102973,2.7538044329372635
2.1763328793698067,2.039686735438188,2.6317223721211427,3.024026523277395,2.0631000622932816,2.0364334468676235,1.9823645154644653,1.8992837433794596,1.8992837433794596,1.8992837433794596,1.8992837433794596,2.6707824604237316,3.5057646523527635,3.505760763539972,3.5057498524972,3.505748799451085,3.5057463152576176,3.505742557430246,3.5057078946082827,3.505519361636121,3.505470311316645,3.505034253863378,3.5049049517560644,3.5033037774099633,3.5032012801980934,3.5032012801980934,3.5032012801980934,3.5032012801980934,3.5032012801980934,3.5032012801980934
3.059852318041547,3.0598523149942607,3.0598523086135745,3.0598522819707683,3.0598522590892925,3.0597825717328138,3.059240923967969,3.059111914711445,3.0586259237344784,3.058473670155721,3.057006040045048,3.0564622001822177,3.0514698324213216,3.0452973988771275,3.026502163228486,3.0098064618476856,2.9851753496672853,2.969248614775962,2.9546925635701102,2.9546925635701102,2.9546925635701102,2.9546925635701102,2.146623448671274,2.566623444256488,1.7117959357954975,2.130626587958603,2.1306247597767447,2.1298152218843116,2.0835191796927575,2.0833073294467
2.4695647963793976,2.393469323993107,2.354720302222705,2.366441939308003,2.57578094792504,2.409047738471993,1.857491413259371,2.299421989330041,2.5300336667630763,2.1676986060188956,2.104317486636637,2.3857824549513973,1.48645679656151,2.349949533266367,2.349949533266367,2.349949533266367,2.349949533266367,2.349949533266367,2.349949533266367,2.349949533266367,2.349949533266367,2.4151664284034564,2.2032112667012256,2.6242451291536666,2.3853973493276177,2.3848842239222363,2.3848920839527694,2.3848920839527694,2.3848920839527694,2.3848920839527694
2.814272456709055,2.814272456709055,2.814272456709055,2.814272456709055,2.632580054616208,2.830483994624153,2.6444452026863416,1.9646391588803234,2.0332071733742256,2.300601768693631,2.300601768693631,2.300601768693631,2.300601768693631,2.300601768693631,2.300601768693631,2.300601768693631,2.300601768693631,1.7969644392430648,1.8918609330572973,2.026140259894757,2.363376428969341,1.928671623805957,2.0889082098578444,1.9710367960534148,1.9006480187412378,1.994629840358912,1.994629840358912,1.994629840358912,1.994629840358912,1.994629840358912
2.639114851155854,2.641501100609216,2.642287993851299,2.6414870343391983,2.6414819851578137,2.6414833733731187,2.6414788203268644,2.6414809781108004,2.6414823642478815,2.64148111071457,2.641481055212543,2.6414810452972888,2.6414798181434858,2.6414798012499885,2.6414788565645613,2.641479296865169,2.6414809241866655,2.641477661355811,2.6414822048358912,2.6414817884816157,2.6414829967100397,2.641481032857053,2.641480792326507,2.6414829426602844,2.641480827629552,2.6414810648470493,2.641481065251577,2.6414810556831445,2.6414810645115505,2.6414810663819606
1.6154906650547511,1.8714440914596446,1.6598199224366839,1.5741600908806426,1.1590948770364293,1.1590948770364293,1.1590948770364293,1.1590948770364293,1.1590948770364293,1.1590948770364293,1.1590948770364293,1.1590948770364293,1.5790948770364293,1.7478340652833133,1.7478340652833133,1.7478340652833133,1.7478340652833133,1.5949768285040975,2.2304054002683964,1.547191964242265,1.9443798616850696,3.4660447623605037,3.4660447623605037,3.4660447623605037,3.4660447623605037,3.4067046385750626,3.902483793233919,3.9024836711209994,3.9024833957239116,3.9024833545431026
2.8357809514734234,3.0193547764428006,3.0702374343373258,2.678655998471254,2.9121171376243753,2.813336268809987,2.813336268809987,2.813336268809987,2.813336268809987,2.813336268809987,2.813336268809987,2.813336268809987,2.813336268809987,2.813336268809987,2.813336268809987,2.813336268809987,2.813336268809987,2.813336268809987,2.813336268809987,2.813336268809987,2.813336268809987,2.813336268809987,2.8132547973820503,2.81512936536516,2.81512936536516,2.81512936536516,2.81512936536516,2.81512936536516,2.81512936536516,2.81512936536516
3.094185242673548,2.981200879434122,3.0014861243919406,2.98625028239026,2.98625028239026,2.98625028239026,2.98625028239026,2.9851947948051607,2.9851947948051607,2.9851947948051607,2.9851947948051607,2.9851947948051607,2.9851947948051607,2.9851947948051607,2.9851947948051607,2.9851947615274557,2.985194414420742,2.9851944120473886,2.9851944120473886,2.9851944120473886,2.9851944120473886,2.9851944120473886,2.9851944120473886,2.9851944120473886,2.9851944120473886,2.9798867333467123,2.979410945937404,2.979997924395171,2.9798618826727306,2.984600776972244
2.727130287195135,2.5207699972518567,2.5598652495940035,2.5298738055081276,2.5212114758725463,2.9188378196482274,2.3537910960579778,2.5574514432012276,2.5687002715734835,3.1679314616187173,3.056950400586776,1.2949245161432217,2.557013944791153,2.5793668062756616,1.66059820994686,2.545803692205271,2.7478975309651643,2.483827138951499,2.5937766297643283,0.08110308090060647,1.7611030809006063,2.1595053688454033,2.532568608665973,2.528068786304098,2.5291169324212324,2.528232974078264,2.5287813976362647,2.5248313501083226,2.52202817029887,2.5981191139400397
3.1084114872537105,3.1084114519904493,3.1084114485448295,3.1084114485448295,3.1084114485448295,3.1084114485448295,3.1084114299990353,3.1084114299990353,3.1084114299990353,3.1084114299990353,3.1084114299990353,3.1084114299990353,3.1084114299990353,3.1084114299990353,3.1084114299990353,3.1084114299990353,3.1084114299990353,3.1084114299990353,3.1084114299990353,3.1084114299990353,3.1084114299990353,3.1084114299990353,3.108404268786781,3.1083946804170703,3.1083945847121193,3.1083945847121193,3.1083945847121193,3.1083945847121193,3.10838688394925,3.108374146049554
2.2725442947146335,2.272544267172508,2.272544207881238,2.272544199851119,2.2709147912108896,2.269229205787688,2.269229205787688,2.269229205787688,2.269229205787688,2.2692257419642763,2.269221183963463,2.2692193845421653,2.269206909106015,2.269200794965017,2.2691910026979953,2.2691856665920294,2.269171193470404,2.269145250567145,2.2691427783307763,2.2691343120294074,2.2691149515864306,2.26910121327509,2.2690798344766945,2.2690566308309568,2.6889863226309036,2.6128542270059048,2.5464033710564213,2.4801890901648047,2.471948088858795,2.4447024406791913
2.2176049738477577,2.1847990983831465,2.2032098757370444,2.293349997136138,2.3668942905639474,2.3030665607729515,2.3030665607729515,2.3030665607729515,2.3030665607729515,1.854806441862886,2.219985484792186,2.21981585447368,2.219916425620766,2.2202437641656956,2.2202437641656956,2.2202437641656956,2.2202437641656956,2.2202437641656956,2.2202437641656956,2.2202437641656956,2.2202437641656956,2.2202437641656956,2.2202688640356096,2.2199460751215576,2.219602373985804,2.2282370295733385,2.238211617669016,2.2200723190990224,2.220180029130898,2.529666582970055
2.820420756091145,2.8204207548958333,2.820420752339242,2.820420748197647,2.8204207473238547,2.820420744793914,2.8204207425003567,2.820420737410616,2.8204207259508096,2.820420700809525,2.8204206827093596,2.8204206643636613,2.8204206474998434,2.8204206176757807,2.8204205835182976,2.820420580247469,2.820420580247469,2.820420580247469,2.820420580247469,2.820420580247469,2.820420580247469,2.820420580247469,2.820420580247469,2.820419904114276,2.8204185372491004,2.820416960232106,2.8204155473980665,2.8204136503820822,2.8204099815176007,2.8204081856224796
2.284668097305473,2.73197783503462,2.179586394764748,2.1830312583410314,2.0238931390675217,2.1821038091527374,2.1734885402454056,2.0992201014668797,2.2545175167945204,1.9160245117077481,2.006979009265876,2.172523112907273,2.1684139209515023,2.093965381839055,1.656657193390171,2.320995104411314,2.089198265201979,2.1504133585541667,2.5486209566342617,2.529460454471237,2.7154164954072915,3.821505711605213,3.147096204564503,3.811231204243775,3.8112311994339527,3.8112311626312505,3.8112311424002847,3.811231005098348,3.8112306169209837,3.8112296029443176
3.020039780859528,3.0200317646100316,3.020000429237107,3.019977933701365,3.0198508464605927,3.019755334014526,3.019429643936321,3.019429643936321,3.019429643936321,3.019429643936321,3.019429643936321,3.0179387207014376,3.010014034768328,2.9992676384793944,2.9895864960021346,2.9895864960021346,2.9895864960021346,2.9895864960021346,2.9895864960021346,2.9895864960021346,2.9895864960021346,2.9895864960021346,2.9895864960021346,2.9895864960021346,2.9895864960021346,2.9895864960021346,2.9895864960021346,2.9895864960021346,2.9895864960021346,2.9895864960021346
2.613198651681024,2.61316354887317,2.0856003834101604,2.7244486512301167,2.7244486512301167,2.7244486512301167,2.7244486512301167,2.7244486512301167,2.7244486512301167,2.7244486512301167,2.7244486512301167,2.290417183667248,2.3780903163151708,3.589758367790257,3.5897583230902566,3.5897582782307116,3.58975823933201,3.58975807926424,3.5897579003919176,3.896173086216491,3.896171739617094,3.8961697594471265,3.8961680621980794,3.896163492031978,3.896152120081946,3.8961361185619743,3.8935952744494684,3.889635679857484,3.8823391945434045,2.536153952900567
3.180901599205697,3.832333390735713,3.8323333873822394,3.8323333827395865,3.832333332635147,3.8323332277374083,3.8323332277374083,3.8323332277374083,3.8323332277374083,3.8323332277374083,3.8323308674707603,3.8323205330216283,3.832289604889722,3.832209000899897,3.813769561090874,3.812987514783271,3.8008425081939325,3.800793076044743,3.800793076044743,3.800793076044743,3.800793076044743,3.800793076044743,3.800793076044743,3.800793076044743,3.800793076044743,3.793681883396963,3.7216078025345776,2.06460998370032,2.667652596336043,3.0311982225756138
2.3337724846669485,2.81139648853864,2.521337942643344,2.532729042155556,2.6238604965640895,2.3639644449243837,2.550417216264596,2.5503256660106235,2.5496774744375665,2.532162456075049,2.5414855567180283,2.5510062524222628,2.5503311580392087,2.5503311580392087,2.5503311580392087,2.5503311580392087,2.5503311580392087,2.5503311580392087,2.5503311580392087,2.5503311580392087,2.550089895675974,2.5504692525453594,2.5503277202723234,2.550477066841479,2.5487013769669042,2.5427349068968774,2.5567738602472327,2.799032756665812,1.4944615720207177,2.807407441465899
2.8537202465484026,2.8395010619790604,2.83402739552602,2.8257627076522587,2.818373890134393,2.734165970199921,2.3571954905618053,2.5485337809760527,2.5470629173656287,2.546118470798404,2.546118470798404,2.546118470798404,2.546118470798404,2.546118470798404,2.546118470798404,2.546118470798404,2.546118470798404,2.6555649448619034,2.7249768112949453,2.721423846336615,2.721423846336615,2.721423846336615,2.721423846336615,2.721423846336615,2.7204850506629623,2.7081318154767136,2.7119006757509228,2.7119006757509228,2.7119006757509228,2.7119006757509228
2.917807786264329,2.076108918927408,2.002653961043205,2.0698063226496344,2.1279656657055153,3.0390639503708807,3.45906382059917,3.4590631701697245,3.4590628022848997,3.4590628022848997,3.4590628022848997,3.4590628022848997,3.4590628022848997,3.4590628022848997,3.4590628022848997,3.4590628022848997,2.961471689456877,2.9546869436399037,2.957415031893351,2.9574150179314267,2.9574150179314267,2.9574150179314267,2.9574150179314267,2.9574150179314267,2.9574150179314267,2.9574150179314267,2.9574150179314267,2.9574150179314267,2.9574150179314267,2.9574150179314267
3.269741988098952,3.269741988098952,3.269741988098952,3.269741988098952,3.269741988098952,4.005041691586359,4.416729067023091,4.416729047483198,4.416729047452741,4.416729047452741,4.416729047452741,4.416729047452741,4.416729047452741,4.416729047452741,4.416729047452741,4.416729047452741,4.416729044567013,4.414996087796696,4.36900945461713,4.038093436172117,3.0542776111888372,2.121545822083491,2.503485095015141,2.4862343874332486,2.486038924606703,2.486795315123209,2.488232652869501,2.478739040806419,2.4959109177615186,2.479707674336039
1.8252797886514491,1.919895385089916,1.5079599508022774,0.9766287765957881,0.0,1.26,1.2510785696100246,1.293879472716436,1.5739578084223071,1.1615012896336818,1.2738949223650184,1.2653798125766949,1.2678107211487386,1.30071385379663,2.274645350110164,1.2612125062126969,1.5089409995745215,2.192885632249735,1.7698904595385263,2.220017167821657,2.014244815832678,2.4620464508017545,2.6950682538432567,2.6950682538432567,2.6950682538432567,2.6950682538432567,2.6950682538432567,2.6950682538432567,2.6950682538432567,2.6950682538432567
3.318609190608743,3.318559388435072,3.3183920793620563,3.3178248617588264,3.31761924306779,3.3173617400992916,3.3143550449808177,3.3097403233386284,3.300234114315935,3.2939658003935985,2.9003400119134946,2.9002461188872934,2.9000363795792095,2.8998043742466457,2.899682237483579,2.899046241158328,2.898614195874815,2.8980976656424597,2.8976552244427487,2.8936135998728796,2.890160302388379,2.887671196649762,2.881010250896542,2.8714543531825476,2.8637650610082557,2.8436753056412383,2.823979404440064,2.7642845572954338,2.7529349843242192,2.745164086940059
2.4508196659767547,1.6508080793770492,1.2258790067865708,1.2658790067865706,1.6703953520933943,2.008255522953743,1.9834614363543284,1.1828871001820422,1.99977895753989,1.9741729934299492,2.6433305369026248,2.6486550800472823,2.484296008708489,2.3789962295249083,2.4872416384036677,2.54343409039489,2.531158297430928,2.6455234171553075,2.649409981608197,2.6208383530827,2.6011562202744116,2.205511287535471,2.5833685864673868,2.5702175724309764,2.566583951765416,2.5425031412858536,2.5420654631359274,2.5423291174346523,2.5421766294787327,2.5422173599700364
2.8238016985098566,2.7561149518080303,2.712988051802315,2.7101898074321724,2.701340026577105,2.722805335833117,2.6963453740502947,2.499210790568817,2.499210790568817,2.499210790568817,2.499210790568817,2.6920099076088517,2.7192450822653735,2.7169204277755976,2.7178124231597263,2.7179198599390135,2.717828998393571,2.71782762941679,2.7178267679380026,2.717827294439382,2.7178272924851563,2.7178272416842173,2.7178272416842173,2.7178272416842173,2.7178272416842173,2.7178272416842173,2.7178272416842173,2.7178272416842173,2.7178272416842173,2.7178273526106245
1.7881798227626626,2.0057054861332912,3.113068443295196,3.113068443295196,3.113068443295196,3.113068443295196,2.5009704464541236,3.5802934701304894,4.203169604142947,4.2031696039916495,4.203169603304359,4.203169601863836,4.203169600296203,4.203169596032047,4.2031695277770025,4.203169461695952,4.203169335841679,4.203158064975208,4.203156269199748,4.203156269199748,4.203156269199748,4.203156269199748,4.203156269199748,4.202998482011927,4.202916039127389,4.202731161406657,4.20246005910064,4.202239945322809,4.202239945322809,4.202239945322809
2.345578156057019,2.440263485386072,2.495150935694654,2.4951509354564587,2.4951509354564587,2.4951509354564587,2.4951509354564587,2.4542644269686646,2.1988819624233336,2.4288960241193287,2.4121514405710034,0.9502594938677538,2.1986387710042696,2.4895464713393887,2.4319092071972515,2.679741248446529,2.4144218933320962,2.4177996765162377,2.4174868279727897,2.4173568616436474,2.417618779690512,2.4174974244746865,2.417740349378592,2.417766762417073,2.4178842872547315,2.3991356039594436,2.42223506682162,2.423925254674733,2.4482755170306243,2.4253489182375625
2.2230840928457942,2.7093269346216373,2.70932676945028,2.2675936686256093,2.8370726748239994,2.8370724715057927,2.83707229822492,2.83707229822492,2.83707229822492,2.83707229822492,2.83707229822492,2.83707229822492,2.83707229822492,2.83707229822492,2.8370551831279465,2.8370331662661368,2.837002935621741,2.8368147269765287,2.8366139201049174,2.832630052948469,2.8323940979306044,2.8320376604118462,2.8292528962958445,2.825921309089716,2.8240714215535174,2.556728006058912,2.5244039357684174,2.524381467750447,2.523019364907279,2.522989178743729
1.743166662912197,0.02686046581700713,1.706860465817007,1.6880041564661206,2.879754181758534,3.725871623475892,3.725871617669794,3.7258715903794957,3.7258715903794957,3.7258715903794957,3.7258715903794957,3.725871468322173,3.7258707410979572,3.7258695376100266,3.7257430125933544,3.725566297981767,3.72508173833279,3.724289140233329,3.723023306997214,3.723023306997214,3.723023306997214,3.723023306997214,3.7027527460196503,3.6288926091684544,3.555583917259698,3.485569355697453,3.485569355697453,3.485569355697453,3.485569355697453,3.485569355697453
2.528348732082672,2.544493023055042,2.5446988491748925,2.5447702058580863,2.5445714200976535,2.5452358870166387,2.579606443609373,2.579606443609373,2.579606443609373,2.579606443609373,2.579606443609373,2.579606443609373,2.579606443609373,2.579606443609373,2.579606443609373,2.579606443609373,2.579606443609373,2.579606443609373,2.579606443609373,2.579606443609373,2.579606443609373,2.579606443609373,2.5664731819150366,2.685960410534194,2.685960407970849,2.685960407970849,2.685960407970849,2.685960407970849,2.685960407970849,2.685960407970849
2.3829679357435087,2.873125611766808,2.873125611421694,2.873125611316938,2.87312561045455,2.873125608342042,2.873125604866576,2.8731256011591864,2.8731255956364694,2.87312556429413,2.87312553564594,2.873125474114561,2.873125442264949,2.8731252253985184,2.8731240467643278,2.873123248556982,2.8731228619662166,2.873121403815326,2.8731211218889956,2.8731211218889956,2.8731211218889956,2.8731211218889956,2.8731211218889956,2.8731211218889956,2.8731211218889956,2.8731211218889956,2.85887236664917,2.8333982948345335,2.729409492398562,2.729409492398562
2.623132205836611,2.6225052818666446,2.538658924602153,2.4731345888959426,2.0742102571337453,1.9183433570204627,1.572727258199765,2.0968761920965258,2.41554389342004,2.117204970886572,1.9772372816321917,1.4756129053219185,1.5155132183622013,1.508574608685992,1.778820247609094,2.184840186830469,2.1848399757090973,2.184839518144973,2.1848389664478414,2.184838315277505,2.1848378331244476,2.1848375918367364,2.1848375918367364,2.1848375918367364,2.1848375918367364,2.1848375918367364,2.1848375918367364,2.1848375918367364,2.1848375918367364,2.1848375918367364
2.9427091749419336,2.2825745903972594,2.2552777246773816,2.2396425719797532,1.7498504688228755,2.1556939029149027,1.8059605729243633,1.8059605729243633,1.8059605729243633,1.8059605729243633,1.8059605729243633,1.8059605729243633,1.8059605729243633,1.8059605729243633,1.8059605729243633,1.8059605729243633,1.8059605729243633,1.8059605729243633,1.8059605729243633,1.8059605729243633,1.8059605729243633,1.8059605729243633,2.2259605729243632,2.2581119991619083,2.248158002940789,1.8631514570625198,2.9540352120475046,3.698406162975663,4.506990932193071,3.100283550126008
2.1448127600955518,2.1448120532671697,2.1448099272522247,2.1448099272522247,2.1448099272522247,2.1448099272522247,2.1448099272522247,2.1448099272522247,2.1448099272522247,2.1448099272522247,2.1448099272522247,2.1448099272522247,2.1448099272522247,2.1448099272522247,2.1448099272522247,2.1448099272522247,2.1448099272522247,2.1448099272522247,1.2942735459383792,1.289665577931808,1.5546341858240496,1.5558602183158525,1.5576757036546762,1.55480846668786,1.6068598968512067,1.5431664218216503,1.3953364595502298,2.598845136710682,2.59884513329389,2.5988451279329428
2.293268397712573,2.7132623495660346,2.7132623495660346,2.7132623495660346,2.7132623495660346,2.6619329924666,2.740635424931141,2.7327812897972485,2.7327786415047877,2.732774475957981,2.732774475957981,2.732774475957981,2.732774475957981,2.7327742541051006,2.7327657532237404,2.7327615069642253,2.7327398951552957,2.7327335567858206,2.732726853801645,2.732726853801645,2.732726853801645,2.732726853801645,2.732726853801645,2.732726853801645,2.732726853801645,2.732726853801645,2.7327265574083763,2.732721731915145,2.732721731915145,2.732721731915145
1.7470375121017812,1.7470375121017812,1.7470375121017812,1.7470375121017812,1.7470375121017812,1.7470375121017812,1.7470375121017812,1.7470375121017812,1.977632793218471,2.031011061671636,2.081917252470898,2.11670913611567,1.5730578007289753,2.1037252051292463,2.61293400643798,2.719095862538796,2.719095862538796,2.719095862538796,2.719095862538796,2.719095862538796,2.719095862538796,2.719095862538796,2.719095862538796,2.719095862538796,2.719095859262153,2.7190958330754453,2.7190958066966755,2.719095773595041,2.7190956180440637,2.719095010113916
2.268329936723624,2.268329936723624,2.268329936723624,2.268329936723624,2.268329936723624,2.268329936723624,2.268329936723624,2.268329936723624,2.321017855538166,2.247682570155065,2.199874809616263,2.1891936705543995,2.3902726519277837,2.648700913561237,2.3312188142879875,2.1789206438697257,2.2402538001417054,2.2520389463984376,2.2520389463984376,2.2520389463984376,2.2520389463984376,2.277293710148423,2.2856036205224943,2.2856036205224943,2.2856036205224943,2.2856036205224943,2.2856036205224943,2.2856036205224943,2.2856036205224943,2.2856036205224943
2.5856803102038945,2.5922170270541076,2.5922163638577227,2.5625435802289758,2.3697426516826967,2.3697426516826967,2.3697426516826967,2.3697426516826967,2.7361748036320397,2.7361748023240584,2.7361748021123065,2.736174801784122,2.736174799886901,2.7361747980107194,2.7361747955065048,2.736174792316877,2.73617478720349,2.736174770046337,2.7361746429261777,2.7361745833892948,2.736100800972022,2.596421867444925,2.5962344955173067,2.5962333044163333,2.596231633437542,2.5962296110682357,2.5962287897440928,2.5962287897440928,2.5962287897440928,2.5962287897440928
2.3570954952024086,2.4531318685432146,2.4531318685432146,2.4531318685432146,2.4531318685432146,2.4531318685432146,2.4531318685432146,2.4531318685432146,2.4531318685432146,2.4531318685432146,2.4531318685432146,2.4531318685432146,2.4531318685432146,2.4531318685432146,2.4531318685432146,2.4531318685432146,2.4531318685432146,2.4531318685432146,2.4401969733550493,2.440177124302756,2.4352544466904047,2.4344387164267625,2.4344387164267625,2.4344387164267625,2.4344387164267625,2.425054530656374,2.252144168853836,1.4362001324539635,1.856139163470884,2.2692235593147454
0.0,0.0,0.0,1.68,1.68,1.68,1.68,1.68,1.68,1.68,1.68,1.68,1.68,1.68,1.68,1.68,1.68,1.68,1.68,1.68,1.2994323477184366,1.2993909852675436,1.299374862899276,1.2993718494145043,1.6882724393899933,1.7159074536581282,1.7159074536581282,1.7159074536581282,1.7159074536581282,1.7159074536581282
0.2981146200295115,0.19931163571159582,0.19603795567326004,0.19565811838118646,0.19565811838118646,0.19565811838118646,0.19565811838118646,0.1956151615205935,0.1956151615205935,0.1956151615205935,0.1956151615205935,0.1956151615205935,0.19561492546625026,0.1956147445050675,0.19561469611754784,0.19561466561354696,0.19561465109901344,0.1956146469612883,0.1956146443723358,1.8756146443267157,1.2085272477100677,1.6285233895583606,1.6285190344527507,1.6285172228370721,1.6285172228370721,1.6285172228370721,1.6285172228370721,1.62821567915597,1.6262922317491122,1.6245863252060941
2.8312127117138792,2.8833067111408592,2.7724950336888834,2.8503185116450807,2.6377342314928334,2.473058780035913,2.8114471619046055,2.813274889815484,2.8183484242071564,2.803626623176492,2.8284652359761417,2.858540234813598,2.858496545450202,2.8584018856498843,2.858400665030476,2.858331625208957,2.8583308194513046,3.1327896731240537,3.1327896635690906,3.132789051546801,3.1327799567892542,3.1326169638828283,3.132405588834246,2.6785259130148344,2.673436656966946,2.659161000385564,2.6162051790549867,2.610622396948982,2.6106008876188085,2.610599235372382
1.4144750480684527,1.4144749528094702,1.414474893423267,1.4144748702355419,1.4144748670745584,1.4144748664678655,1.4144748661804376,1.4144748661289783,1.780444888848557,1.75386611486026,1.7346566356663522,1.7186215934093905,1.7094091986575888,1.7035422570022802,1.3215206596379996,1.319062644787731,1.309488462606962,1.3070818523305878,1.7224926862300518,1.5075315943485135,1.5075315508113936,1.5075315227930803,1.5075315197861456,1.5075315152812114,1.507531512746037,1.5075315112258063,1.5075315109007625,1.927531510783582,1.9275315106758495,2.2853937004663014
2.4615886767218766,2.4613647602024953,2.4601890809216815,2.440583295325487,2.4329510659706415,2.090978696293593,2.090416891348502,0.0,0.42,0.42,0.42,0.42,0.42,0.42,0.42,0.42,0.42,0.42,0.42,0.42,0.42,0.42,0.42,0.42,1.68,2.0776795812861697,1.7638974539107508,1.9309605092359872,1.941718078235759,2.3671738074740456
2.2263837631849284,0.0,0.4199999997753683,0.41999999930505894,0.4199999987562,0.41999999838394053,0.41999999783112413,0.4199999977390001,0.4199999971044737,0.4199999964618956,0.4199999964455133,0.4199999964455133,0.4199999964455133,0.4199999964455133,0.41999999617890893,0.4199999960170793,0.4199999960170793,0.4199999960170793,0.4199999960170793,0.4199999960170793,0.4199999960170793,0.4199999960170793,0.4199999960170793,0.8399999960170793,2.0999999960170794,1.2821479768354278,1.7021479768354277,1.7021479768354277,1.7021479768354277,1.7021479768354277
1.1712206474634526,2.43122023533421,2.4311972485114226,2.4311790870889083,2.431134208982764,2.4310212892828593,2.4308903212081407,2.4307344948052085,2.4306483515869073,2.4301166631594864,2.3828593482923415,2.3820275498168098,2.379238160529661,2.373902123524669,2.361421082236679,2.3598712586361525,2.3598712586361525,2.3598712586361525,2.3598712586361525,2.731428640435733,2.7314285369662143,2.731428329561791,2.7314277716078776,2.731427611963771,2.731427268178305,2.731426719891339,2.7314264480420634,2.731426290124639,2.731425934677219,2.731425934677219
1.9639371402531574,1.9223895531647084,1.8297427519175524,1.8297427519175524,1.8297427519175524,1.8297427519175524,1.8297427519175524,1.8297427519175524,1.8297427519175524,1.8297427519175524,1.8297427519175524,1.8297427519175524,1.8297427519175524,1.8297427519175524,1.8297427519175524,1.8297427519175524,1.8297427519175524,1.8297427519175524,1.8938413185165313,1.8879520140369637,1.0411080642668276,1.8916156626455782,1.889132763730372,1.889132741667734,1.8857886894778426,1.8749225880596683,1.8918425459163835,2.661823218165723,2.6618231584150567,2.6618227113733246
2.488945217664787,2.819705510757386,2.819686057745109,2.757100421555818,2.757099787917983,2.624371477261581,2.6004908637291906,3.0199818449926688,2.71798809592529,2.717956886176559,2.717956886176559,2.717956886176559,2.717956886176559,2.7179567309151875,2.7179565850085057,2.7179563510895512,2.7179557826975294,2.7179557042640914,2.717954888240206,2.7179530978365722,2.7179470533124044,2.7041096384766266,2.704107048785157,2.704100776956337,2.5227333429813474,2.74314532493586,2.7638631208284554,2.7835622524293107,2.2827280343138834,3.5427274817332934
2.6361363175998207,2.6220004756820483,2.579720439203439,2.6921984689443113,3.246155121043612,2.596372203205739,2.3532248681591676,2.5914917271764315,2.562841317867245,2.6998583501140327,2.587380156979228,2.5438197177087987,2.7673611864370344,2.438116706634224,2.785996624260374,2.6715447515141033,2.6715447515141033,2.6715447515141033,2.6715447515141033,2.6715447515141033,2.6715447515141033,2.6715447515141033,2.6715447515141033,2.6243590369583667,2.6074038130504156,2.579580491695691,2.596205089660768,2.623290068174195,2.6655810111837552,2.2555195676877986
3.078214694039905,3.078214691025059,3.078196245134827,3.0781957986113238,3.0781937629860394,3.078193524695479,3.078191358707858,3.078184057822611,3.078176250490056,3.078176250490056,3.078176250490056,3.078176250490056,3.078176250490056,3.078176250490056,3.078176250490056,3.078176250490056,3.078176250490056,3.0301048699351556,2.9703790993660886,2.9429799913142998,2.9139519195793877,2.86953148766584,1.9193107130717255,2.339077263880516,1.5389846846878354,1.958984546599239,1.958982922383743,2.3061780354622257,1.9471525529359142,1.9313554836187241
2.613174548269465,2.6131558264279517,2.6131269253121423,2.6130274457661566,2.6129677823510593,2.6129677823510593,2.6129677823510593,2.6129677823510593,2.6129677823510593,2.611523066733489,2.6097950107727295,2.6077946217482495,2.4406146346312476,2.4388476287969665,2.422977195152398,2.422977195152398,2.422977195152398,2.422977195152398,2.422977195152398,2.4177080250821787,2.4115404327923406,2.4115404327923406,2.4115404327923406,2.4115404327923406,2.3791613578965296,2.3098878911214498,2.290628331930477,2.2593108882174113,2.2593108882174113,2.2593108882174113
1.8177536033998212,1.81068056244056,1.8106526731052517,1.810619442016539,1.8103721956603356,1.8099017393513546,1.8094811526801893,1.4290101386204173,1.4280990191839003,1.4264825645361574,1.4226647016486262,1.745187490101084,1.7255500617176105,1.7132902573990345,1.7090531426164035,1.6696462690630565,1.6572777841580428,1.6518098366183886,1.6362740400441826,1.6082986355178694,1.599838839625928,1.7131881288629132,1.3194066798397754,1.8151822440746859,1.590107271497914,0.8904613439540381,1.8548088877420172,2.4713158497524557,2.4712780837001675,2.4712780837001675
1.6735150803385768,1.6734615273282836,1.6733893278377554,1.673086446329218,1.6730749248056298,1.6730749209759475,1.6730749174317752,1.673074916581039,1.6730749010996675,1.6730749010996675,1.6730749010996675,1.6730749010996675,1.6730749010996675,1.6730749010996675,1.6730749010996675,1.6730749010996675,2.0930749010996674,2.0622672707349374,0.8734987399903381,1.7134987164400404,2.553491575853476,2.553486566672141,2.5534249623889367,2.5533998726851013,2.55338488325244,2.5533641472613526,2.553353025215567,2.5533268817827977,2.5532445153376027,2.553218371035474
1.2397904842590715,2.257191020071911,2.4689190278426905,3.3544055434205724,3.3544055421108174,3.354405532944082,3.3544055257027634,3.3544055210479704,3.354405455411742,3.3544054100646123,3.354403354353309,3.3543988671828515,3.3543968584396886,3.354391626761897,3.354362099094739,3.3543323115477386,3.3542999295243208,3.354179686128039,3.3538422501881793,3.3534877250444155,3.352571299133974,3.3508935085846674,3.3488520917282094,3.3374470945433834,3.331743388743254,3.3085276553808907,3.288894247373954,3.2284825978478078,3.1771854239413724,3.1298445647698854
1.5109028116762249,1.9191568312725642,2.339108450544027,3.179103413705545,2.8245830301223966,2.4445760045872884,2.812966058323335,2.4320490743523724,2.2800975803911943,2.6879884318913683,1.7195936690018354,1.3395911128703246,2.5995911128703244,1.7855328824427164,1.7770549643200424,1.7770547069883569,1.7770541947559297,1.7770538987222768,1.7761594148228068,1.7761583030294807,1.7761578660699595,1.7761576390794866,1.7761576390794866,1.7761576390794866,1.7761576390794866,1.7761576390794866,1.7761576390794866,1.7761576390794866,1.7761576390794866,1.7761575749327871
3.589625282987755,1.5738829213302474,0.9997820790909273,1.1552165509896382,1.5869436865215447,1.6080467113716386,1.6146483005864778,1.7758428016137668,2.248571087938343,3.0264476165480634,2.3933404132203693,2.357218492913295,3.379564758424203,1.823398955847145,2.2920594268837116,2.885790676186759,1.2725720851664524,1.7823529578718518,2.706079985664197,1.671369238316054,1.8092659607621921,1.8092659607621921,1.8092659607621921,1.8092659607621921,1.5746640765743145,1.7979491203448077,1.7979491203448077,1.7979491203448077,1.7979491203448077,1.617100939570862
2.114365996960591,2.114365996960591,2.114365996960591,2.114365996960591,2.114365996960591,2.114365996960591,2.114365996960591,2.114365996960591,2.128799288860896,1.4946132283673697,2.321709032310267,2.321709032310267,2.321709032310267,2.321709032310267,2.321709032310267,2.321709032310267,2.321709032310267,2.321709032310267,2.321709032310267,2.321709032310267,2.321709032310267,2.321709032310267,2.321709032310267,2.321709032310267,2.321709032310267,2.321709032310267,2.321709032310267,2.2448224084940183,1.5551696847829606,1.5803728460095923
2.6686762866477998,2.668676253260382,2.668676201097919,2.6686761669332655,2.668675981614922,2.6686758134637003,2.6686756627243398,2.668675303937279,2.668674469744023,2.6686741222787527,2.6686741222787527,2.6686741222787527,2.6686741222787527,2.6686643794689195,2.6686416949809417,2.668617197640933,2.66856005125702,2.2785905016400414,2.2650971706473344,2.250737401009089,2.626722987806759,2.1913219727590936,2.398187684977407,2.489444660607973,2.863062518403116,2.694415963317306,2.4902667629017237,2.491618170982808,2.607845147205555,2.4291310873805942
2.5417267016399596,2.5417266696692975,2.541726608719289,2.541726575881453,2.541726451560427,2.5417257565948317,2.541725590045304,2.541725590045304,2.541725590045304,2.541725590045304,2.541722215820476,2.541701690922483,2.5416814980821942,2.54155826817903,2.541457115290194,2.541181381622821,2.541008218349644,2.5399664569290556,2.539801638170752,2.539801638170752,2.539801638170752,2.539801638170752,2.52413565640045,2.168321542007695,2.134079864761673,2.0868256240977696,2.002451207258581,2.3014898726575357,0.0,2.2699695751144597
1.8942634559862634,1.6483565111214458,1.8148578326490585,1.8148578326490585,1.8148578326490585,1.8148578326490585,1.8148578326490585,1.8148578326490585,1.8148578326490585,1.8148578326490585,1.0557222215469664,1.8944724636702364,2.1821120645490883,1.6837560885269136,1.080873789726483,1.1319501546020534,1.211475066149169,2.0802792571200355,2.113584967745875,2.0624303199522442,1.9409846973401876,0.9440461361731186,0.0,1.26,1.2404944214700324,1.756874386140499,2.176874386140499,2.176874386140499,2.176874386140499,2.176874386140499
1.7594729310498392,2.0554094913689207,1.6417563174478766,1.37901566147585,1.5182038340773154,2.2580330385215635,1.2051335701062111,0.0,1.68,1.3149989258210892,1.9307600617910468,1.775913226604907,1.9290920890485206,1.6257205957258067,1.6664028040738854,1.9705098204873082,2.5705456284409225,3.1905862203786297,3.190586215092955,3.190586215092955,3.190586215092955,3.190586215092955,3.1338852224475175,2.8175264288129487,3.1305206540287336,3.130511494733094,3.129766703389032,3.1297655980193695,3.129765339321623,3.1297650024535835
2.312953457578151,2.23832001833753,1.9028444390844856,2.1107136940263462,2.1943087618755,2.1943087618755,2.1943087618755,2.1943087618755,2.1943087618755,2.1943087618755,2.1943087618755,2.1943087618755,2.1943087618755,2.1943087618755,2.1943087618755,2.1943087618755,2.1943087618755,2.1943087618755,2.1943087618755,2.1943087618755,2.1366553705755575,1.9105326147570902,2.0134419892539617,3.000191460565387,2.239088312691503,2.053130471312447,2.07169213792524,2.071715892106482,2.0717103192437065,2.0716804446921624
0.9970590668705097,1.8370590668705096,1.8370590668705096,1.8370590668705096,1.8370590668705096,1.8370590668705096,1.8370590668705096,1.8370590668705096,1.8370590668705096,1.8370590668705096,1.8370590668705096,1.8370590668705096,1.8370590668705096,1.8370590668705096,1.8370590668705096,1.8370590668705096,1.8370590668705096,2.3417724788734886,1.1926965647203622,1.1926965647203622,1.1926965647203622,1.1926965647203622,1.1926965647203622,1.2796051811881526,1.9704201916956188,1.570382454198064,1.6376394014144335,2.1542167482913253,1.692433757007414,1.2194649170650427
2.16685168877637,2.166848924703043,2.16684592863229,2.166841463002478,2.1668338511159693,2.166825198845939,2.166807181211589,2.1003803679750073,2.2517182948124463,2.0657927516749277,2.034525292870542,2.034525292870542,2.034525292870542,2.034525292870542,2.034525292870542,2.034525292870542,2.034525292870542,2.034525292870542,1.6419423458226026,2.0619414148284254,2.101890310324327,2.2043490548438593,1.9747589224699293,1.9767766548086798,2.270545062536044,2.236782518772007,2.190601072840972,2.1667823546321876,2.15002795067522,2.124565893421717
2.900055959531961,2.8771116084975463,2.853513409231503,2.8424543940276354,2.797536975373978,2.7659985728228564,2.7442051970631294,2.710067872103481,2.6802696003885087,2.633075127790933,2.589593636161351,2.5540530989466723,2.5223602212911462,2.494360502936406,2.4536939357268666,2.4176922998845707,2.410622585579867,2.410622585579867,2.410622585579867,2.410622585579867,2.3836606524552346,2.345458277334943,2.333550035345314,2.3150809098323837,2.3100212137355727,2.2987997108635505,2.2910297484827,2.280859441347981,2.280859441347981,2.280859441347981
2.289976112175658,2.227146251007194,2.227146251007194,2.227146251007194,2.227146251007194,2.227146251007194,2.227146251007194,2.227146251007194,2.227146251007194,2.2271427461697684,2.227119385325421,2.2271120715497106,2.2270997053622343,2.227095688491864,2.2270936278750804,2.2270929021765458,2.2270929021765458,2.2270929021765458,2.2270929021765458,2.2270920841018205,2.227091491543513,2.2270910254224052,2.2270907489383815,2.2270875926485156,2.2270856852748318,2.227081933668144,2.227074637445705,2.227071900564114,2.227069853652885,2.227064274360056
2.1422509023562686,2.1422509023562686,2.1422509023562686,2.1422509023562686,2.1422509023562686,2.097563941602448,2.084875298032982,2.4557834243959924,3.2937022155424716,3.2937021310529047,3.2937021310529047,3.2937021310529047,3.2937021310529047,3.2937021310529047,3.2937021310529047,3.2937021310529047,3.2937021310529047,3.2936662639895986,3.292601026145259,3.2913268673262186,3.289198672909212,3.2823946879827535,3.278003269204317,3.2558252717147123,3.0939236464528115,3.053174737993379,3.0254365347594203,2.9857028486747095,1.821641225934717,1.0832493416360465
